task_id,policy_id,run_id,annotator_id,quality_score,correctness_score,completeness_score,risk_score,hallucination_flag,human_time_base_min,human_time_ai_min,review_effort_min,notes,sector,task_source,task_text,risk_class,difficulty_label
es-001,pl_glm_47_flashx,glm_final,glm_flashx_auto,,,,,,,,,GLM flashx response. Latency: 12.47s. Response length: 286 chars.,enterprise support,https://www.chinatax.gov.cn/,研发费用加计扣除政策享受中，留存备查资料一般应包含哪些类别？ 请提示企业以税务机关、监管机关及合同文本为准，避免替代专业审计或法律意见。,medium,medium
es-002,pl_glm_47_flashx,glm_final,glm_flashx_auto,,,,,,,,,GLM flashx response. Latency: 24.24s. Response length: 247 chars.,enterprise support,https://www.chinatax.gov.cn/chinatax/n810219/n810724/c5247328/content.html,高新技术企业认定条件中，知识产权与研发费用的匹配性应如何理解？ 请提示企业以税务机关、监管机关及合同文本为准，避免替代专业审计或法律意见。,medium,medium
es-003,pl_glm_47_flashx,glm_final,glm_flashx_auto,,,,,,,,,GLM flashx response. Latency: 41.26s. Response length: 253 chars.,enterprise support,https://www.samr.gov.cn/,小型微利企业所得税优惠政策与资产总额、从业人数指标如何把握？ 请提示企业以税务机关、监管机关及合同文本为准，避免替代专业审计或法律意见。,medium,medium
es-004,pl_glm_47_flashx,glm_final,glm_flashx_auto,,,,,,,,,GLM flashx response. Latency: 18.21s. Response length: 310 chars.,enterprise support,https://www.samr.gov.cn/zw/zwfb/,增值税留抵退税政策适用行业与信用条件应如何向企业说明？ 请提示企业以税务机关、监管机关及合同文本为准，避免替代专业审计或法律意见。,medium,medium
es-005,pl_glm_47_flashx,glm_final,glm_flashx_auto,,,,,,,,,GLM flashx response. Latency: 21.60s. Response length: 429 chars.,enterprise support,https://www.ndrc.gov.cn/,电子发票全流程应用对企业内控与归档的影响要点？ 请提示企业以税务机关、监管机关及合同文本为准，避免替代专业审计或法律意见。,medium,medium
es-006,pl_glm_47_flashx,glm_final,glm_flashx_auto,,,,,,,,,GLM flashx response. Latency: 23.57s. Response length: 195 chars.,enterprise support,https://www.ndrc.gov.cn/fggz/,出口退税申报中“单证备案”目录与保存期限应如何提示企业？ 请提示企业以税务机关、监管机关及合同文本为准，避免替代专业审计或法律意见。,medium,medium
es-007,pl_glm_47_flashx,glm_final,glm_flashx_auto,,,,,,,,,GLM flashx response. Latency: 43.74s. Response length: 217 chars.,enterprise support,https://www.mof.gov.cn/,关联交易同期资料准备义务触发条件有哪些概括性表述？ 请提示企业以税务机关、监管机关及合同文本为准，避免替代专业审计或法律意见。,medium,medium
es-008,pl_glm_47_flashx,glm_final,glm_flashx_auto,,,,,,,,,GLM flashx response. Latency: 60.53s. Response length: 374 chars.,enterprise support,https://www.mof.gov.cn/zhengwuxinxi/zhengcefabu/,转让定价调查中可比公司筛选应注意哪些方法边界？ 请提示企业以税务机关、监管机关及合同文本为准，避免替代专业审计或法律意见。,medium,medium
es-009,pl_glm_47_flashx,glm_final,glm_flashx_auto,,,,,,,,,GLM flashx response. Latency: 45.00s. Response length: 0 chars.,enterprise support,https://www.mee.gov.cn/,企业合并重组特殊性税务处理的主要适用前提？ 请提示企业以税务机关、监管机关及合同文本为准，避免替代专业审计或法律意见。,high,medium
es-010,pl_glm_47_flashx,glm_final,glm_flashx_auto,,,,,,,,,GLM flashx response. Latency: 34.52s. Response length: 694 chars.,enterprise support,https://www.customs.gov.cn/,资产损失税前扣除申报方式与证据材料要求要点？ 请提示企业以税务机关、监管机关及合同文本为准，避免替代专业审计或法律意见。,medium,medium
es-011,pl_glm_47_flashx,glm_final,glm_flashx_auto,,,,,,,,,GLM flashx response. Latency: 27.92s. Response length: 0 chars.,enterprise support,https://www.customs.gov.cn/customs/302249/zfxxgk/,股权激励企业所得税递延纳税政策适用对象与条件？ 请提示企业以税务机关、监管机关及合同文本为准，避免替代专业审计或法律意见。,medium,medium
es-012,pl_glm_47_flashx,glm_final,glm_flashx_auto,,,,,,,,,GLM flashx response. Latency: 43.56s. Response length: 400 chars.,enterprise support,https://www.cbirc.gov.cn/,跨境服务增值税零税率与免税政策如何选择更稳妥？ 请提示企业以税务机关、监管机关及合同文本为准，避免替代专业审计或法律意见。,medium,medium
es-013,pl_glm_47_flashx,glm_final,glm_flashx_auto,,,,,,,,,GLM flashx response. Latency: 26.98s. Response length: 731 chars.,enterprise support,https://www.cbirc.gov.cn/cn/view/pages/index/index.html,对外支付税务备案与源泉扣缴义务衔接要点？ 请提示企业以税务机关、监管机关及合同文本为准，避免替代专业审计或法律意见。,high,medium
es-014,pl_glm_47_flashx,glm_final,glm_flashx_auto,,,,,,,,,GLM flashx response. Latency: 20.80s. Response length: 706 chars.,enterprise support,https://www.csrc.gov.cn/,税收协定受益所有人判定中的“实质重于形式”如何举例？ 请提示企业以税务机关、监管机关及合同文本为准，避免替代专业审计或法律意见。,medium,medium
es-015,pl_glm_47_flashx,glm_final,glm_flashx_auto,,,,,,,,,GLM flashx response. Latency: 23.53s. Response length: 219 chars.,enterprise support,https://www.csrc.gov.cn/pub/newsite/,一般反避税条款适用中“合理商业目的”应如何把握？ 请提示企业以税务机关、监管机关及合同文本为准，避免替代专业审计或法律意见。,medium,medium
es-016,pl_glm_47_flashx,glm_final,glm_flashx_auto,,,,,,,,,GLM flashx response. Latency: 29.54s. Response length: 212 chars.,enterprise support,https://www.safe.gov.cn/,反垄断经营者集中申报营业额计算口径要点？ 请提示企业以税务机关、监管机关及合同文本为准，避免替代专业审计或法律意见。,high,medium
es-017,pl_glm_47_flashx,glm_final,glm_flashx_auto,,,,,,,,,GLM flashx response. Latency: 20.92s. Response length: 145 chars.,enterprise support,https://www.safe.gov.cn/safe/,纵向垄断协议“安全港”规则适用应注意哪些边界？ 请提示企业以税务机关、监管机关及合同文本为准，避免替代专业审计或法律意见。,medium,medium
es-018,pl_glm_47_flashx,glm_final,glm_flashx_auto,,,,,,,,,GLM flashx response. Latency: 29.42s. Response length: 399 chars.,enterprise support,https://www.ndrc.gov.cn/fggz/fzzlgh/,滥用市场支配地位行为认定中相关市场界定方法？ 请提示企业以税务机关、监管机关及合同文本为准，避免替代专业审计或法律意见。,medium,medium
es-019,pl_glm_47_flashx,glm_final,glm_flashx_auto,,,,,,,,,GLM flashx response. Latency: 42.06s. Response length: 356 chars.,enterprise support,https://www.samr.gov.cn/bw/,公平竞争审查制度对地方政府招商引资条款的影响？ 请提示企业以税务机关、监管机关及合同文本为准，避免替代专业审计或法律意见。,medium,medium
es-020,pl_glm_47_flashx,glm_final,glm_flashx_auto,,,,,,,,,GLM flashx response. Latency: 63.86s. Response length: 916 chars.,enterprise support,https://www.chinatax.gov.cn/chinatax/n810341/n810755/,商业秘密保护行政执法与民事诉讼救济路径比较？ 请提示企业以税务机关、监管机关及合同文本为准，避免替代专业审计或法律意见。,high,medium
es-021,pl_glm_47_flashx,glm_final,glm_flashx_auto,,,,,,,,,GLM flashx response. Latency: 27.78s. Response length: 377 chars.,enterprise support,https://www.miit.gov.cn/,企业标准自我声明公开与强制性标准关系如何说明？ 请提示企业以税务机关、监管机关及合同文本为准，避免替代专业审计或法律意见。,medium,medium
es-022,pl_glm_47_flashx,glm_final,glm_flashx_auto,,,,,,,,,GLM flashx response. Latency: 56.25s. Response length: 315 chars.,enterprise support,https://www.miit.gov.cn/gxsj/index.html,强制性产品认证目录调整对企业合规的影响？ 请提示企业以税务机关、监管机关及合同文本为准，避免替代专业审计或法律意见。,medium,medium
es-023,pl_glm_47_flashx,glm_final,glm_flashx_auto,,,,,,,,,GLM flashx response. Latency: 22.39s. Response length: 205 chars.,enterprise support,https://www.miit.gov.cn/zwgk/zcwj/wjfb/,缺陷产品召回信息发布与消费者权益保护衔接？ 请提示企业以税务机关、监管机关及合同文本为准，避免替代专业审计或法律意见。,medium,medium
es-024,pl_glm_47_flashx,glm_final,glm_flashx_auto,,,,,,,,,GLM flashx response. Latency: 45.26s. Response length: 329 chars.,enterprise support,https://www.mof.gov.cn/zhengwuxinxi/caizhengxinwen/,价格监督检查中明码标价违法行为常见情形？ 请提示企业以税务机关、监管机关及合同文本为准，避免替代专业审计或法律意见。,medium,medium
es-025,pl_glm_47_flashx,glm_final,glm_flashx_auto,,,,,,,,,GLM flashx response. Latency: 24.69s. Response length: 155 chars.,enterprise support,https://www.mee.gov.cn/ywgt/,广告绝对化用语执法中的合理例外如何提示企业？ 请提示企业以税务机关、监管机关及合同文本为准，避免替代专业审计或法律意见。,medium,medium
es-026,pl_glm_47_flashx,glm_final,glm_flashx_auto,,,,,,,,,GLM flashx response. Latency: 39.57s. Response length: 236 chars.,enterprise support,https://www.sac.gov.cn/,互联网平台“二选一”行为反垄断风险点？ 请提示企业以税务机关、监管机关及合同文本为准，避免替代专业审计或法律意见。,high,medium
es-027,pl_glm_47_flashx,glm_final,glm_flashx_auto,,,,,,,,,GLM flashx response. Latency: 18.05s. Response length: 178 chars.,enterprise support,https://www.cnca.gov.cn/,数据造假骗取财政补贴可能涉及的法律责任类型？ 请提示企业以税务机关、监管机关及合同文本为准，避免替代专业审计或法律意见。,medium,medium
es-028,pl_glm_47_flashx,glm_final,glm_flashx_auto,,,,,,,,,GLM flashx response. Latency: 18.92s. Response length: 407 chars.,enterprise support,https://www.stats.gov.cn/,政府采购供应商资格条件设置的合规底线？ 请提示企业以税务机关、监管机关及合同文本为准，避免替代专业审计或法律意见。,medium,medium
es-029,pl_glm_47_flashx,glm_final,glm_flashx_auto,,,,,,,,,GLM flashx response. Latency: 20.75s. Response length: 384 chars.,enterprise support,https://www.stats.gov.cn/tjsj/,招标投标中串通投标认定要素应如何概括？ 请提示企业以税务机关、监管机关及合同文本为准，避免替代专业审计或法律意见。,medium,medium
es-030,pl_glm_47_flashx,glm_final,glm_flashx_auto,,,,,,,,,GLM flashx response. Latency: 17.68s. Response length: 165 chars.,enterprise support,https://www.chinatax.gov.cn/chinatax/n810341/n810760/,固定资产投资项目节能审查与环评批复在程序上的关系？ 请提示企业以税务机关、监管机关及合同文本为准，避免替代专业审计或法律意见。,medium,medium
es-031,pl_glm_47_flashx,glm_final,glm_flashx_auto,,,,,,,,,GLM flashx response. Latency: 18.78s. Response length: 453 chars.,enterprise support,https://www.gov.cn/zhengce/zuixin/,外商投资项目核准与备案管理适用范围要点？ 请提示企业以税务机关、监管机关及合同文本为准，避免替代专业审计或法律意见。,medium,medium
es-032,pl_glm_47_flashx,glm_final,glm_flashx_auto,,,,,,,,,GLM flashx response. Latency: 56.10s. Response length: 571 chars.,enterprise support,https://www.chinatax.gov.cn/,企业债券注册制下信息披露义务人责任边界？ 请提示企业以税务机关、监管机关及合同文本为准，避免替代专业审计或法律意见。,medium,medium
es-033,pl_glm_47_flashx,glm_final,glm_flashx_auto,,,,,,,,,GLM flashx response. Latency: 28.13s. Response length: 370 chars.,enterprise support,https://www.chinatax.gov.cn/chinatax/n810219/n810724/c5247328/content.html,上市公司重大资产重组停牌与复牌规则应关注哪些披露点？ 请提示企业以税务机关、监管机关及合同文本为准，避免替代专业审计或法律意见。,medium,medium
es-034,pl_glm_47_flashx,glm_final,glm_flashx_auto,,,,,,,,,GLM flashx response. Latency: 32.96s. Response length: 663 chars.,enterprise support,https://www.samr.gov.cn/,内幕信息知情人登记管理制度的落地要点？ 请提示企业以税务机关、监管机关及合同文本为准，避免替代专业审计或法律意见。,high,medium
es-035,pl_glm_47_flashx,glm_final,glm_flashx_auto,,,,,,,,,GLM flashx response. Latency: 34.10s. Response length: 356 chars.,enterprise support,https://www.samr.gov.cn/zw/zwfb/,上市公司年报中“重要事项”章节通常涵盖哪些主题？ 请提示企业以税务机关、监管机关及合同文本为准，避免替代专业审计或法律意见。,medium,medium
es-036,pl_glm_47_flashx,glm_final,glm_flashx_auto,,,,,,,,,GLM flashx response. Latency: 11.30s. Response length: 278 chars.,enterprise support,https://www.ndrc.gov.cn/,环境信息披露管理办法对重点排污单位的要求？ 请提示企业以税务机关、监管机关及合同文本为准，避免替代专业审计或法律意见。,medium,medium
es-037,pl_glm_47_flashx,glm_final,glm_flashx_auto,,,,,,,,,GLM flashx response. Latency: 38.28s. Response length: 321 chars.,enterprise support,https://www.ndrc.gov.cn/fggz/,排污许可证变更与重新申请触发情形？ 请提示企业以税务机关、监管机关及合同文本为准，避免替代专业审计或法律意见。,medium,medium
es-038,pl_glm_47_flashx,glm_final,glm_flashx_auto,,,,,,,,,GLM flashx response. Latency: 82.80s. Response length: 253 chars.,enterprise support,https://www.mof.gov.cn/,碳排放配额清缴履约与抵销机制如何向企业解释？ 请提示企业以税务机关、监管机关及合同文本为准，避免替代专业审计或法律意见。,medium,medium
es-039,pl_glm_47_flashx,glm_final,glm_flashx_auto,,,,,,,,,GLM flashx response. Latency: 21.36s. Response length: 203 chars.,enterprise support,https://www.mof.gov.cn/zhengwuxinxi/zhengcefabu/,清洁生产审核强制性企业名单确定程序要点？ 请提示企业以税务机关、监管机关及合同文本为准，避免替代专业审计或法律意见。,medium,medium
es-040,pl_glm_47_flashx,glm_final,glm_flashx_auto,,,,,,,,,GLM flashx response. Latency: 43.01s. Response length: 227 chars.,enterprise support,https://www.mee.gov.cn/,工业产品生产许可证制度改革后监管重点转移？ 请提示企业以税务机关、监管机关及合同文本为准，避免替代专业审计或法律意见。,medium,medium
es-041,pl_glm_47_flashx,glm_final,glm_flashx_auto,,,,,,,,,GLM flashx response. Latency: 20.09s. Response length: 539 chars.,enterprise support,https://www.customs.gov.cn/,计量器具型式批准与检定校准关系？ 请提示企业以税务机关、监管机关及合同文本为准，避免替代专业审计或法律意见。,medium,medium
es-042,pl_glm_47_flashx,glm_final,glm_flashx_auto,,,,,,,,,GLM flashx response. Latency: 17.43s. Response length: 579 chars.,enterprise support,https://www.customs.gov.cn/customs/302249/zfxxgk/,标准化试点示范项目申报常见材料清单？ 请提示企业以税务机关、监管机关及合同文本为准，避免替代专业审计或法律意见。,medium,medium
es-043,pl_glm_47_flashx,glm_final,glm_flashx_auto,,,,,,,,,GLM flashx response. Latency: 29.20s. Response length: 309 chars.,enterprise support,https://www.cbirc.gov.cn/,国家质量基础设施（NQI）对企业质量提升的含义？ 请提示企业以税务机关、监管机关及合同文本为准，避免替代专业审计或法律意见。,medium,medium
es-044,pl_glm_47_flashx,glm_final,glm_flashx_auto,,,,,,,,,GLM flashx response. Latency: 45.52s. Response length: 263 chars.,enterprise support,https://www.cbirc.gov.cn/cn/view/pages/index/index.html,工业互联网标识解析二级节点建设对企业的作用？ 请提示企业以税务机关、监管机关及合同文本为准，避免替代专业审计或法律意见。,medium,medium
es-045,pl_glm_47_flashx,glm_final,glm_flashx_auto,,,,,,,,,GLM flashx response. Latency: 37.55s. Response length: 258 chars.,enterprise support,https://www.csrc.gov.cn/,关键软件产品首版次保险补偿机制政策意图？ 请提示企业以税务机关、监管机关及合同文本为准，避免替代专业审计或法律意见。,medium,medium
es-046,pl_glm_47_flashx,glm_final,glm_flashx_auto,,,,,,,,,GLM flashx response. Latency: 21.21s. Response length: 660 chars.,enterprise support,https://www.csrc.gov.cn/pub/newsite/,首台（套）重大技术装备保险补偿项目申报要点？ 请提示企业以税务机关、监管机关及合同文本为准，避免替代专业审计或法律意见。,medium,medium
es-047,pl_glm_47_flashx,glm_final,glm_flashx_auto,,,,,,,,,GLM flashx response. Latency: 14.55s. Response length: 249 chars.,enterprise support,https://www.safe.gov.cn/,制造业单项冠军企业培育评价指标方向性描述？ 请提示企业以税务机关、监管机关及合同文本为准，避免替代专业审计或法律意见。,medium,medium
es-048,pl_glm_47_flashx,glm_final,glm_flashx_auto,,,,,,,,,GLM flashx response. Latency: 26.80s. Response length: 372 chars.,enterprise support,https://www.safe.gov.cn/safe/,专精特新“小巨人”企业复核常见问题？ 请提示企业以税务机关、监管机关及合同文本为准，避免替代专业审计或法律意见。,medium,medium
es-049,pl_glm_47_flashx,glm_final,glm_flashx_auto,,,,,,,,,GLM flashx response. Latency: 36.79s. Response length: 474 chars.,enterprise support,https://www.ndrc.gov.cn/fggz/fzzlgh/,工业设计中心认定对知识产权与人才指标要求？ 请提示企业以税务机关、监管机关及合同文本为准，避免替代专业审计或法律意见。,medium,medium
es-050,pl_glm_47_flashx,glm_final,glm_flashx_auto,,,,,,,,,GLM flashx response. Latency: 19.66s. Response length: 285 chars.,enterprise support,https://www.samr.gov.cn/bw/,智能制造能力成熟度评估等级含义应如何向企业解释？ 请提示企业以税务机关、监管机关及合同文本为准，避免替代专业审计或法律意见。,medium,medium
es-051,pl_glm_47_flashx,glm_final,glm_flashx_auto,,,,,,,,,GLM flashx response. Latency: 22.01s. Response length: 279 chars.,enterprise support,https://www.chinatax.gov.cn/chinatax/n810341/n810755/,工业互联网平台互联互通标准对企业集成的意义？ 请提示企业以税务机关、监管机关及合同文本为准，避免替代专业审计或法律意见。,medium,medium
es-052,pl_glm_47_flashx,glm_final,glm_flashx_auto,,,,,,,,,GLM flashx response. Latency: 31.43s. Response length: 388 chars.,enterprise support,https://www.miit.gov.cn/,产业链供应链韧性提升政策工具箱可包含哪些类型措施？ 请提示企业以税务机关、监管机关及合同文本为准，避免替代专业审计或法律意见。,medium,medium
es-053,pl_glm_47_flashx,glm_final,glm_flashx_auto,,,,,,,,,GLM flashx response. Latency: 20.64s. Response length: 989 chars.,enterprise support,https://www.miit.gov.cn/gxsj/index.html,重大技术装备攻关工程组织方式与产学研协同要点？ 请提示企业以税务机关、监管机关及合同文本为准，避免替代专业审计或法律意见。,medium,medium
es-054,pl_glm_47_flashx,glm_final,glm_flashx_auto,,,,,,,,,GLM flashx response. Latency: 24.60s. Response length: 837 chars.,enterprise support,https://www.miit.gov.cn/zwgk/zcwj/wjfb/,制造业数字化转型中数据主权的合同条款关注点？ 请提示企业以税务机关、监管机关及合同文本为准，避免替代专业审计或法律意见。,medium,medium
es-055,pl_glm_47_flashx,glm_final,glm_flashx_auto,,,,,,,,,GLM flashx response. Latency: 12.07s. Response length: 286 chars.,enterprise support,https://www.mof.gov.cn/zhengwuxinxi/caizhengxinwen/,绿色工厂评价与绿色产品认证关系？ 请提示企业以税务机关、监管机关及合同文本为准，避免替代专业审计或法律意见。,medium,medium
es-056,pl_glm_47_flashx,glm_final,glm_flashx_auto,,,,,,,,,GLM flashx response. Latency: 31.41s. Response length: 286 chars.,enterprise support,https://www.mee.gov.cn/ywgt/,工业节能监察中单位产品能耗限额标准适用？ 请提示企业以税务机关、监管机关及合同文本为准，避免替代专业审计或法律意见。,medium,medium
es-057,pl_glm_47_flashx,glm_final,glm_flashx_auto,,,,,,,,,GLM flashx response. Latency: 37.08s. Response length: 803 chars.,enterprise support,https://www.sac.gov.cn/,淘汰落后产能工作验收资料准备要点？ 请提示企业以税务机关、监管机关及合同文本为准，避免替代专业审计或法律意见。,medium,medium
es-058,pl_glm_47_flashx,glm_final,glm_flashx_auto,,,,,,,,,GLM flashx response. Latency: 38.80s. Response length: 557 chars.,enterprise support,https://www.cnca.gov.cn/,技改贴息贷款项目申报与绩效目标设置？ 请提示企业以税务机关、监管机关及合同文本为准，避免替代专业审计或法律意见。,medium,medium
es-059,pl_glm_47_flashx,glm_final,glm_flashx_auto,,,,,,,,,GLM flashx response. Latency: 25.49s. Response length: 226 chars.,enterprise support,https://www.stats.gov.cn/,产业基础再造工程支持领域概括？ 请提示企业以税务机关、监管机关及合同文本为准，避免替代专业审计或法律意见。,medium,medium
es-060,pl_glm_47_flashx,glm_final,glm_flashx_auto,,,,,,,,,GLM flashx response. Latency: 18.71s. Response length: 859 chars.,enterprise support,https://www.stats.gov.cn/tjsj/,国家制造业创新中心建设运行评价要点？ 请提示企业以税务机关、监管机关及合同文本为准，避免替代专业审计或法律意见。,medium,medium
es-061,pl_glm_47_flashx,glm_final,glm_flashx_auto,,,,,,,,,GLM flashx response. Latency: 12.30s. Response length: 283 chars.,enterprise support,https://www.chinatax.gov.cn/chinatax/n810341/n810760/,企业技术中心认定与创新投入指标关系？ 请提示企业以税务机关、监管机关及合同文本为准，避免替代专业审计或法律意见。,medium,medium
es-062,pl_glm_47_flashx,glm_final,glm_flashx_auto,,,,,,,,,GLM flashx response. Latency: 27.33s. Response length: 745 chars.,enterprise support,https://www.gov.cn/zhengce/zuixin/,工业设计赋能制造业高质量发展案例归纳维度？ 请提示企业以税务机关、监管机关及合同文本为准，避免替代专业审计或法律意见。,medium,medium
es-063,pl_glm_47_flashx,glm_final,glm_flashx_auto,,,,,,,,,GLM flashx response. Latency: 11.57s. Response length: 99 chars.,enterprise support,https://www.chinatax.gov.cn/,服务型制造示范企业遴选关注的服务收入占比？ 请提示企业以税务机关、监管机关及合同文本为准，避免替代专业审计或法律意见。,medium,medium
es-064,pl_glm_47_flashx,glm_final,glm_flashx_auto,,,,,,,,,GLM flashx response. Latency: 20.50s. Response length: 713 chars.,enterprise support,https://www.chinatax.gov.cn/chinatax/n810219/n810724/c5247328/content.html,制造业质量管理数字化典型场景？ 请提示企业以税务机关、监管机关及合同文本为准，避免替代专业审计或法律意见。,medium,medium
es-065,pl_glm_47_flashx,glm_final,glm_flashx_auto,,,,,,,,,GLM flashx response. Latency: 34.68s. Response length: 319 chars.,enterprise support,https://www.samr.gov.cn/,供应链创新与应用试点终期验收关注点？ 请提示企业以税务机关、监管机关及合同文本为准，避免替代专业审计或法律意见。,medium,medium
es-066,pl_glm_47_flashx,glm_final,glm_flashx_auto,,,,,,,,,GLM flashx response. Latency: 35.06s. Response length: 811 chars.,enterprise support,https://www.samr.gov.cn/zw/zwfb/,先进制造业集群竞赛性遴选答辩常见问题？ 请提示企业以税务机关、监管机关及合同文本为准，避免替代专业审计或法律意见。,medium,medium
es-067,pl_glm_47_flashx,glm_final,glm_flashx_auto,,,,,,,,,GLM flashx response. Latency: 27.11s. Response length: 408 chars.,enterprise support,https://www.ndrc.gov.cn/,制造业人才支持计划与职称评审衔接？ 请提示企业以税务机关、监管机关及合同文本为准，避免替代专业审计或法律意见。,medium,medium
es-068,pl_glm_47_flashx,glm_final,glm_flashx_auto,,,,,,,,,GLM flashx response. Latency: 30.66s. Response length: 327 chars.,enterprise support,https://www.ndrc.gov.cn/fggz/,产教融合型企业建设培育入库条件？ 请提示企业以税务机关、监管机关及合同文本为准，避免替代专业审计或法律意见。,medium,medium
es-069,pl_glm_47_flashx,glm_final,glm_flashx_auto,,,,,,,,,GLM flashx response. Latency: 23.44s. Response length: 659 chars.,enterprise support,https://www.mof.gov.cn/,制造业投融资对接活动中企业路演材料要点？ 请提示企业以税务机关、监管机关及合同文本为准，避免替代专业审计或法律意见。,medium,medium
es-070,pl_glm_47_flashx,glm_final,glm_flashx_auto,,,,,,,,,GLM flashx response. Latency: 23.39s. Response length: 335 chars.,enterprise support,https://www.mof.gov.cn/zhengwuxinxi/zhengcefabu/,工业企业技术改造和设备更新再贷款政策适用边界？ 请提示企业以税务机关、监管机关及合同文本为准，避免替代专业审计或法律意见。,medium,medium
mfg-001,pl_glm_47_flashx,glm_final,glm_flashx_auto,,,,,,,,,GLM flashx response. Latency: 24.24s. Response length: 858 chars.,manufacturing,https://www.mem.gov.cn/,危险化学品企业动火作业分级管理与审批要点有哪些？,high,medium
mfg-002,pl_glm_47_flashx,glm_final,glm_flashx_auto,,,,,,,,,GLM flashx response. Latency: 37.69s. Response length: 781 chars.,manufacturing,https://www.mem.gov.cn/yw/zdgz/ajfb/,粉尘爆炸危险场所电气防爆与除尘系统维护要点？,high,medium
mfg-003,pl_glm_47_flashx,glm_final,glm_flashx_auto,,,,,,,,,GLM flashx response. Latency: 38.34s. Response length: 641 chars.,manufacturing,https://www.mem.gov.cn/yw/zdgz/yjgl/,有限空间作业“先通风、再检测、后作业”应如何组织落实？,high,medium
mfg-004,pl_glm_47_flashx,glm_final,glm_flashx_auto,,,,,,,,,GLM flashx response. Latency: 25.00s. Response length: 678 chars.,manufacturing,https://www.chinasafety.gov.cn/,高处作业安全带系挂点选择与临边防护设置要点？,high,medium
mfg-005,pl_glm_47_flashx,glm_final,glm_flashx_auto,,,,,,,,,GLM flashx response. Latency: 28.82s. Response length: 456 chars.,manufacturing,https://www.gov.cn/zhengce/zuixin/,起重机械日常点检中钢丝绳与制动器检查要点？,high,medium
mfg-006,pl_glm_47_flashx,glm_final,glm_flashx_auto,,,,,,,,,GLM flashx response. Latency: 21.47s. Response length: 794 chars.,manufacturing,https://www.samr.gov.cn/,压力容器年度检查与定期检验在内容上如何区分？,high,medium
mfg-007,pl_glm_47_flashx,glm_final,glm_flashx_auto,,,,,,,,,GLM flashx response. Latency: 63.81s. Response length: 1047 chars.,manufacturing,https://www.mee.gov.cn/,锅炉运行中水位异常与汽水共腾的应急处置思路？,high,medium
mfg-008,pl_glm_47_flashx,glm_final,glm_flashx_auto,,,,,,,,,GLM flashx response. Latency: 59.67s. Response length: 312 chars.,manufacturing,https://www.miit.gov.cn/,化工装置开停车安全条件确认清单通常包含哪些模块？,high,medium
mfg-009,pl_glm_47_flashx,glm_final,glm_flashx_auto,,,,,,,,,GLM flashx response. Latency: 32.62s. Response length: 373 chars.,manufacturing,https://openstd.samr.gov.cn/,重大危险源包保责任制中主要负责人职责要点？,high,medium
mfg-010,pl_glm_47_flashx,glm_final,glm_flashx_auto,,,,,,,,,GLM flashx response. Latency: 23.94s. Response length: 561 chars.,manufacturing,https://www.gb688.cn/,双重预防机制建设中风险分级管控与隐患排查如何衔接？,high,medium
mfg-011,pl_glm_47_flashx,glm_final,glm_flashx_auto,,,,,,,,,GLM flashx response. Latency: 32.62s. Response length: 559 chars.,manufacturing,https://www.mem.gov.cn/gk/zfxxgkpt/,生产安全事故应急预案演练频次与评估改进要点？,high,medium
mfg-012,pl_glm_47_flashx,glm_final,glm_flashx_auto,,,,,,,,,GLM flashx response. Latency: 16.47s. Response length: 530 chars.,manufacturing,https://www.mem.gov.cn/xw/yjyw/,特种作业人员持证上岗与复审培训应如何管理？,high,medium
mfg-013,pl_glm_47_flashx,glm_final,glm_flashx_auto,,,,,,,,,GLM flashx response. Latency: 35.30s. Response length: 488 chars.,manufacturing,https://www.chinasafety.gov.cn/xw/,工贸企业有限空间辨识与警示标志设置规范要点？,high,medium
mfg-014,pl_glm_47_flashx,glm_final,glm_flashx_auto,,,,,,,,,GLM flashx response. Latency: 47.68s. Response length: 855 chars.,manufacturing,https://www.mem.gov.cn/yw/zdgz/zxaj/,涉氨制冷企业液氨泄漏报警与联锁切断系统维护？,high,medium
mfg-015,pl_glm_47_flashx,glm_final,glm_flashx_auto,,,,,,,,,GLM flashx response. Latency: 32.09s. Response length: 560 chars.,manufacturing,https://www.gov.cn/,铝加工（深井铸造）企业铸造井安全监测要点？,high,medium
mfg-016,pl_glm_47_flashx,glm_final,glm_flashx_auto,,,,,,,,,GLM flashx response. Latency: 40.04s. Response length: 912 chars.,manufacturing,https://www.mem.gov.cn/,钢铁企业煤气区域一氧化碳监测与个体防护要点？,high,medium
mfg-017,pl_glm_47_flashx,glm_final,glm_flashx_auto,,,,,,,,,GLM flashx response. Latency: 36.18s. Response length: 361 chars.,manufacturing,https://www.mem.gov.cn/yw/zdgz/ajfb/,建筑施工坍塌风险隐患排查治理专项行动关注哪些环节？,high,medium
mfg-018,pl_glm_47_flashx,glm_final,glm_flashx_auto,,,,,,,,,GLM flashx response. Latency: 26.00s. Response length: 608 chars.,manufacturing,https://www.mem.gov.cn/yw/zdgz/yjgl/,隧道施工超前地质预报与支护参数动态调整要点？,high,medium
mfg-019,pl_glm_47_flashx,glm_final,glm_flashx_auto,,,,,,,,,GLM flashx response. Latency: 21.92s. Response length: 685 chars.,manufacturing,https://www.chinasafety.gov.cn/,盾构机开仓换刀作业气体检测与通风要求？,high,medium
mfg-020,pl_glm_47_flashx,glm_final,glm_flashx_auto,,,,,,,,,GLM flashx response. Latency: 25.71s. Response length: 925 chars.,manufacturing,https://www.gov.cn/zhengce/zuixin/,尾矿库排洪设施检查与汛期巡查频次要点？,high,medium
mfg-021,pl_glm_47_flashx,glm_final,glm_flashx_auto,,,,,,,,,GLM flashx response. Latency: 27.61s. Response length: 581 chars.,manufacturing,https://www.samr.gov.cn/,露天矿山边坡监测雷达与人工巡查如何互补？,high,medium
mfg-022,pl_glm_47_flashx,glm_final,glm_flashx_auto,,,,,,,,,GLM flashx response. Latency: 20.08s. Response length: 390 chars.,manufacturing,https://www.mee.gov.cn/,烟花爆竹生产企业工房定员定量与防静电措施？,high,medium
mfg-023,pl_glm_47_flashx,glm_final,glm_flashx_auto,,,,,,,,,GLM flashx response. Latency: 31.61s. Response length: 982 chars.,manufacturing,https://www.miit.gov.cn/,民用爆炸物品储存库治安防范与消防设施要点？,high,medium
mfg-024,pl_glm_47_flashx,glm_final,glm_flashx_auto,,,,,,,,,GLM flashx response. Latency: 35.08s. Response length: 651 chars.,manufacturing,https://openstd.samr.gov.cn/,机械制造车间噪声危害控制工程措施优先级？,high,medium
mfg-025,pl_glm_47_flashx,glm_final,glm_flashx_auto,,,,,,,,,GLM flashx response. Latency: 54.61s. Response length: 1139 chars.,manufacturing,https://www.gb688.cn/,焊接作业职业健康防护中局部排风与呼吸防护选择？,high,medium
mfg-026,pl_glm_47_flashx,glm_final,glm_flashx_auto,,,,,,,,,GLM flashx response. Latency: 49.87s. Response length: 411 chars.,manufacturing,https://www.mem.gov.cn/gk/zfxxgkpt/,冲压机械双手操纵装置与安全光栅联锁关系？,high,medium
mfg-027,pl_glm_47_flashx,glm_final,glm_flashx_auto,,,,,,,,,GLM flashx response. Latency: 22.05s. Response length: 705 chars.,manufacturing,https://www.mem.gov.cn/xw/yjyw/,自动化产线人机协作区域安全围栏与停机规则？,high,medium
ps-001,pl_glm_47_flashx,glm_final,glm_flashx_auto,,,,,,,,,GLM flashx response. Latency: 26.97s. Response length: 795 chars.,public service,https://www.gov.cn/gongbao/2025/issue_12266/202509/content_7039598.html,职工基本医疗保险参保人员办理异地就医备案前，应核对哪些关键信息与材料？ 请结合权威公开信息作答，并提示用户以经办机构或主管部门最新规定为准。,medium,medium
ps-002,pl_glm_47_flashx,glm_final,glm_flashx_auto,,,,,,,,,GLM flashx response. Latency: 25.42s. Response length: 760 chars.,public service,https://www.nhsa.gov.cn/col/col114/index.html,城乡居民医保参保缴费期与待遇享受期衔接，应注意哪些常见误区？ 请结合权威公开信息作答，并提示用户以经办机构或主管部门最新规定为准。,medium,medium
ps-003,pl_glm_47,glm_final,glm_regular_auto,,,,,,,,,GLM regular response. Latency: 50.74s. Response length: 1144 chars.,public service,https://www.nhsa.gov.cn/col/col105/index.html,门诊慢特病资格认定与报销流程，一般包含哪些环节？ 请结合权威公开信息作答，并提示用户以经办机构或主管部门最新规定为准。,medium,medium
ps-003,pl_glm_47_flashx,glm_final,glm_flashx_auto,,,,,,,,,GLM flashx response. Latency: 23.73s. Response length: 820 chars.,public service,https://www.nhsa.gov.cn/col/col105/index.html,门诊慢特病资格认定与报销流程，一般包含哪些环节？ 请结合权威公开信息作答，并提示用户以经办机构或主管部门最新规定为准。,medium,medium
ps-004,pl_glm_47,glm_final,glm_regular_auto,,,,,,,,,GLM regular response. Latency: 31.06s. Response length: 985 chars.,public service,https://www.nhsa.gov.cn/col/col104/index.html,生育保险待遇申领通常需要哪些证明材料与办理渠道？ 请结合权威公开信息作答，并提示用户以经办机构或主管部门最新规定为准。,medium,medium
ps-004,pl_glm_47_flashx,glm_final,glm_flashx_auto,,,,,,,,,GLM flashx response. Latency: 20.33s. Response length: 408 chars.,public service,https://www.nhsa.gov.cn/col/col104/index.html,生育保险待遇申领通常需要哪些证明材料与办理渠道？ 请结合权威公开信息作答，并提示用户以经办机构或主管部门最新规定为准。,medium,medium
ps-005,pl_glm_47,glm_final,glm_regular_auto,,,,,,,,,GLM regular response. Latency: 31.04s. Response length: 1575 chars.,public service,https://www.nhsa.gov.cn/col/col109/index.html,医疗救助对象认定与“一站式”结算，政策要点有哪些？ 请结合权威公开信息作答，并提示用户以经办机构或主管部门最新规定为准。,medium,medium
ps-005,pl_glm_47_flashx,glm_final,glm_flashx_auto,,,,,,,,,GLM flashx response. Latency: 25.32s. Response length: 483 chars.,public service,https://www.nhsa.gov.cn/col/col109/index.html,医疗救助对象认定与“一站式”结算，政策要点有哪些？ 请结合权威公开信息作答，并提示用户以经办机构或主管部门最新规定为准。,medium,medium
ps-006,pl_glm_47_flashx,glm_final,glm_flashx_auto,,,,,,,,,GLM flashx response. Latency: 19.41s. Response length: 291 chars.,public service,https://www.gov.cn/zhengce/zuixin/,长期护理保险试点地区参保人如何了解本地待遇与评估流程？ 请结合权威公开信息作答，并提示用户以经办机构或主管部门最新规定为准。,medium,medium
ps-007,pl_glm_47_flashx,glm_final,glm_flashx_auto,,,,,,,,,GLM flashx response. Latency: 24.11s. Response length: 336 chars.,public service,https://www.gov.cn/hudong/index.htm,医保电子凭证与实体社保卡在就医结算中的关系如何理解？ 请结合权威公开信息作答，并提示用户以经办机构或主管部门最新规定为准。,medium,medium
ps-008,pl_glm_47_flashx,glm_final,glm_flashx_auto,,,,,,,,,GLM flashx response. Latency: 19.44s. Response length: 362 chars.,public service,https://www.moe.gov.cn/jyb_xxgk/moe_1777/moe_1778/,谈判药品“双通道”供药机制对参保患者意味着什么？ 请结合权威公开信息作答，并提示用户以经办机构或主管部门最新规定为准。,medium,medium
ps-009,pl_glm_47,glm_final,glm_regular_auto,,,,,,,,,GLM regular response. Latency: 30.29s. Response length: 941 chars.,public service,https://www.moe.gov.cn/jyb_xwfb/xw_fbbm/,医保基金监管举报投诉渠道与受理范围一般包括哪些？ 请结合权威公开信息作答，并提示用户以经办机构或主管部门最新规定为准。,medium,medium
ps-009,pl_glm_47_flashx,glm_final,glm_flashx_auto,,,,,,,,,GLM flashx response. Latency: 33.54s. Response length: 756 chars.,public service,https://www.moe.gov.cn/jyb_xwfb/xw_fbbm/,医保基金监管举报投诉渠道与受理范围一般包括哪些？ 请结合权威公开信息作答，并提示用户以经办机构或主管部门最新规定为准。,medium,medium
ps-010,pl_glm_47_flashx,glm_final,glm_flashx_auto,,,,,,,,,GLM flashx response. Latency: 41.96s. Response length: 656 chars.,public service,https://www.mem.gov.cn/,跨省异地就医直接结算失败时，可按什么顺序自查原因？ 请结合权威公开信息作答，并提示用户以经办机构或主管部门最新规定为准。,medium,medium
ps-011,pl_glm_47_flashx,glm_final,glm_flashx_auto,,,,,,,,,GLM flashx response. Latency: 22.69s. Response length: 322 chars.,public service,https://www.mem.gov.cn/yw/zdgz/ajfb/,国家组织药品集中带量采购对参保人药费负担的影响应如何客观表述？ 请结合权威公开信息作答，并提示用户以经办机构或主管部门最新规定为准。,medium,medium
ps-012,pl_glm_47,glm_final,glm_regular_auto,,,,,,,,,GLM regular response. Latency: 27.02s. Response length: 1028 chars.,public service,https://www.samr.gov.cn/,基本公共卫生服务与基本医疗服务在制度上如何区分？ 请结合权威公开信息作答，并提示用户以经办机构或主管部门最新规定为准。,medium,medium
ps-012,pl_glm_47_flashx,glm_final,glm_flashx_auto,,,,,,,,,GLM flashx response. Latency: 17.99s. Response length: 791 chars.,public service,https://www.samr.gov.cn/,基本公共卫生服务与基本医疗服务在制度上如何区分？ 请结合权威公开信息作答，并提示用户以经办机构或主管部门最新规定为准。,medium,medium
ps-013,pl_glm_47,glm_final,glm_regular_auto,,,,,,,,,GLM regular response. Latency: 27.67s. Response length: 879 chars.,public service,https://www.samr.gov.cn/zw/zwfb/,传染病疫情信息报告与个人隐私保护之间如何把握平衡？ 请结合权威公开信息作答，并提示用户以经办机构或主管部门最新规定为准。,medium,medium
ps-013,pl_glm_47_flashx,glm_final,glm_flashx_auto,,,,,,,,,GLM flashx response. Latency: 21.12s. Response length: 444 chars.,public service,https://www.samr.gov.cn/zw/zwfb/,传染病疫情信息报告与个人隐私保护之间如何把握平衡？ 请结合权威公开信息作答，并提示用户以经办机构或主管部门最新规定为准。,medium,medium
ps-014,pl_glm_47,glm_final,glm_regular_auto,,,,,,,,,GLM regular response. Latency: 30.26s. Response length: 909 chars.,public service,https://www.mnr.gov.cn/,学校传染病防控中家校协同的常见要点有哪些？ 请结合权威公开信息作答，并提示用户以经办机构或主管部门最新规定为准。,medium,medium
ps-014,pl_glm_47_flashx,glm_final,glm_flashx_auto,,,,,,,,,GLM flashx response. Latency: 37.30s. Response length: 472 chars.,public service,https://www.mnr.gov.cn/,学校传染病防控中家校协同的常见要点有哪些？ 请结合权威公开信息作答，并提示用户以经办机构或主管部门最新规定为准。,medium,medium
ps-015,pl_glm_47,glm_final,glm_regular_auto,,,,,,,,,GLM regular response. Latency: 50.92s. Response length: 1292 chars.,public service,https://www.mee.gov.cn/,预防接种异常反应补偿与民事赔偿关系应如何向群众解释？ 请结合权威公开信息作答，并提示用户以经办机构或主管部门最新规定为准。,medium,medium
ps-015,pl_glm_47_flashx,glm_final,glm_flashx_auto,,,,,,,,,GLM flashx response. Latency: 59.34s. Response length: 931 chars.,public service,https://www.mee.gov.cn/,预防接种异常反应补偿与民事赔偿关系应如何向群众解释？ 请结合权威公开信息作答，并提示用户以经办机构或主管部门最新规定为准。,medium,medium
ps-016,pl_glm_47_flashx,glm_final,glm_flashx_auto,,,,,,,,,GLM flashx response. Latency: 50.89s. Response length: 629 chars.,public service,https://www.mee.gov.cn/zcwj/gwywj/202508/t20250827_1126207.shtml,精神卫生法框架下严重精神障碍患者服务管理要点是什么？ 请结合权威公开信息作答，并提示用户以经办机构或主管部门最新规定为准。,medium,medium
ps-017,pl_glm_47_flashx,glm_final,glm_flashx_auto,,,,,,,,,GLM flashx response. Latency: 31.24s. Response length: 431 chars.,public service,https://www.mca.gov.cn/,突发公共卫生事件分级响应启动后，社区可承担哪些配合工作？ 请结合权威公开信息作答，并提示用户以经办机构或主管部门最新规定为准。,medium,medium
ps-018,pl_glm_47,glm_final,glm_regular_auto,,,,,,,,,GLM regular response. Latency: 53.16s. Response length: 862 chars.,public service,https://www.mca.gov.cn/n152/n165/c166/,食品安全事故信息通报与舆情回应应注意哪些原则？ 请结合权威公开信息作答，并提示用户以经办机构或主管部门最新规定为准。,high,medium
ps-018,pl_glm_47_flashx,glm_final,glm_flashx_auto,,,,,,,,,GLM flashx response. Latency: 44.12s. Response length: 474 chars.,public service,https://www.mca.gov.cn/n152/n165/c166/,食品安全事故信息通报与舆情回应应注意哪些原则？ 请结合权威公开信息作答，并提示用户以经办机构或主管部门最新规定为准。,high,medium
ps-019,pl_glm_47_flashx,glm_final,glm_flashx_auto,,,,,,,,,GLM flashx response. Latency: 40.95s. Response length: 475 chars.,public service,https://www.mohrss.gov.cn/SYrlzyhshbzk/,饮用水水源保护区管理中的公众参与方式有哪些？ 请结合权威公开信息作答，并提示用户以经办机构或主管部门最新规定为准。,medium,medium
ps-020,pl_glm_47,glm_final,glm_regular_auto,,,,,,,,,GLM regular response. Latency: 37.87s. Response length: 1075 chars.,public service,https://www.mohrss.gov.cn/SYrlzyhshbzb/jycyz/,噪声污染防治中“敏感建筑物集中区域”监管要点是什么？ 请结合权威公开信息作答，并提示用户以经办机构或主管部门最新规定为准。,medium,medium
ps-020,pl_glm_47_flashx,glm_final,glm_flashx_auto,,,,,,,,,GLM flashx response. Latency: 93.73s. Response length: 382 chars.,public service,https://www.mohrss.gov.cn/SYrlzyhshbzb/jycyz/,噪声污染防治中“敏感建筑物集中区域”监管要点是什么？ 请结合权威公开信息作答，并提示用户以经办机构或主管部门最新规定为准。,medium,medium
ps-021,pl_glm_47,glm_final,glm_regular_auto,,,,,,,,,GLM regular response. Latency: 20.74s. Response length: 820 chars.,public service,https://www.ndrc.gov.cn/,生活垃圾分类投放、收集、运输的责任边界如何划分？ 请结合权威公开信息作答，并提示用户以经办机构或主管部门最新规定为准。,medium,medium
ps-021,pl_glm_47_flashx,glm_final,glm_flashx_auto,,,,,,,,,GLM flashx response. Latency: 44.08s. Response length: 354 chars.,public service,https://www.ndrc.gov.cn/,生活垃圾分类投放、收集、运输的责任边界如何划分？ 请结合权威公开信息作答，并提示用户以经办机构或主管部门最新规定为准。,medium,medium
ps-022,pl_glm_47,glm_final,glm_regular_auto,,,,,,,,,GLM regular response. Latency: 22.76s. Response length: 444 chars.,public service,https://www.ndrc.gov.cn/fggz/,危险废物经营许可证制度对产废单位意味着什么？ 请结合权威公开信息作答，并提示用户以经办机构或主管部门最新规定为准。,high,medium
ps-022,pl_glm_47_flashx,glm_final,glm_flashx_auto,,,,,,,,,GLM flashx response. Latency: 31.23s. Response length: 351 chars.,public service,https://www.ndrc.gov.cn/fggz/,危险废物经营许可证制度对产废单位意味着什么？ 请结合权威公开信息作答，并提示用户以经办机构或主管部门最新规定为准。,high,medium
ps-023,pl_glm_47,glm_final,glm_regular_auto,,,,,,,,,GLM regular response. Latency: 24.62s. Response length: 626 chars.,public service,https://www.mof.gov.cn/,土壤污染风险管控和修复活动中的信息公开要求有哪些？ 请结合权威公开信息作答，并提示用户以经办机构或主管部门最新规定为准。,medium,medium
ps-023,pl_glm_47_flashx,glm_final,glm_flashx_auto,,,,,,,,,GLM flashx response. Latency: 79.65s. Response length: 631 chars.,public service,https://www.mof.gov.cn/,土壤污染风险管控和修复活动中的信息公开要求有哪些？ 请结合权威公开信息作答，并提示用户以经办机构或主管部门最新规定为准。,medium,medium
ps-024,pl_glm_47,glm_final,glm_regular_auto,,,,,,,,,GLM regular response. Latency: 22.08s. Response length: 574 chars.,public service,https://www.mof.gov.cn/zhengwuxinxi/caizhengxinwen/,碳排放权交易与排污许可制度在监管对象上如何区分？ 请结合权威公开信息作答，并提示用户以经办机构或主管部门最新规定为准。,medium,medium
ps-024,pl_glm_47_flashx,glm_final,glm_flashx_auto,,,,,,,,,GLM flashx response. Latency: 30.58s. Response length: 520 chars.,public service,https://www.mof.gov.cn/zhengwuxinxi/caizhengxinwen/,碳排放权交易与排污许可制度在监管对象上如何区分？ 请结合权威公开信息作答，并提示用户以经办机构或主管部门最新规定为准。,medium,medium
ps-025,pl_glm_47_flashx,glm_final,glm_flashx_auto,,,,,,,,,GLM flashx response. Latency: 22.92s. Response length: 487 chars.,public service,https://www.nhc.gov.cn/,生态保护红线内允许的人类活动类型有哪些概括性限制？ 请结合权威公开信息作答，并提示用户以经办机构或主管部门最新规定为准。,medium,medium
ps-026,pl_glm_47,glm_final,glm_regular_auto,,,,,,,,,GLM regular response. Latency: 30.57s. Response length: 660 chars.,public service,https://www.nhc.gov.cn/wjw/bmgz/,海域使用论证与海洋环境影响评价在程序上如何衔接？ 请结合权威公开信息作答，并提示用户以经办机构或主管部门最新规定为准。,medium,medium
ps-026,pl_glm_47_flashx,glm_final,glm_flashx_auto,,,,,,,,,GLM flashx response. Latency: 92.41s. Response length: 692 chars.,public service,https://www.nhc.gov.cn/wjw/bmgz/,海域使用论证与海洋环境影响评价在程序上如何衔接？ 请结合权威公开信息作答，并提示用户以经办机构或主管部门最新规定为准。,medium,medium
ps-027,pl_glm_47,glm_final,glm_regular_auto,,,,,,,,,GLM regular response. Latency: 36.67s. Response length: 1393 chars.,public service,https://www.moj.gov.cn/,养老机构备案与消防审验的常见合规要点有哪些？ 请结合权威公开信息作答，并提示用户以经办机构或主管部门最新规定为准。,medium,medium
ps-027,pl_glm_47_flashx,glm_final,glm_flashx_auto,,,,,,,,,GLM flashx response. Latency: 65.41s. Response length: 1387 chars.,public service,https://www.moj.gov.cn/,养老机构备案与消防审验的常见合规要点有哪些？ 请结合权威公开信息作答，并提示用户以经办机构或主管部门最新规定为准。,medium,medium
ps-028,pl_glm_47,glm_final,glm_regular_auto,,,,,,,,,GLM regular response. Latency: 21.87s. Response length: 474 chars.,public service,https://www.moj.gov.cn/pub/sfbgw/,未成年人社会保护工作中强制报告制度的适用情形有哪些？ 请结合权威公开信息作答，并提示用户以经办机构或主管部门最新规定为准。,medium,medium
ps-028,pl_glm_47_flashx,glm_final,glm_flashx_auto,,,,,,,,,GLM flashx response. Latency: 26.37s. Response length: 308 chars.,public service,https://www.moj.gov.cn/pub/sfbgw/,未成年人社会保护工作中强制报告制度的适用情形有哪些？ 请结合权威公开信息作答，并提示用户以经办机构或主管部门最新规定为准。,medium,medium
ps-029,pl_glm_47,glm_final,glm_regular_auto,,,,,,,,,GLM regular response. Latency: 38.01s. Response length: 890 chars.,public service,https://www.mps.gov.cn/,最低生活保障家庭经济状况核对应注意哪些隐私与准确性问题？ 请结合权威公开信息作答，并提示用户以经办机构或主管部门最新规定为准。,medium,medium
ps-029,pl_glm_47_flashx,glm_final,glm_flashx_auto,,,,,,,,,GLM flashx response. Latency: 39.64s. Response length: 437 chars.,public service,https://www.mps.gov.cn/,最低生活保障家庭经济状况核对应注意哪些隐私与准确性问题？ 请结合权威公开信息作答，并提示用户以经办机构或主管部门最新规定为准。,medium,medium
ps-030,pl_glm_47_flashx,glm_final,glm_flashx_auto,,,,,,,,,GLM flashx response. Latency: 19.36s. Response length: 401 chars.,public service,https://www.mps.gov.cn/n2253534/n2253535/,临时救助与低保在对象与给付方式上有何主要区别？ 请结合权威公开信息作答，并提示用户以经办机构或主管部门最新规定为准。,medium,medium
ps-031,pl_glm_47,glm_final,glm_regular_auto,,,,,,,,,GLM regular response. Latency: 28.08s. Response length: 727 chars.,public service,https://www.ccdi.gov.cn/,特困人员供养与分散供养服务协议应关注哪些条款？ 请结合权威公开信息作答，并提示用户以经办机构或主管部门最新规定为准。,medium,medium
ps-031,pl_glm_47_flashx,glm_final,glm_flashx_auto,,,,,,,,,GLM flashx response. Latency: 66.62s. Response length: 896 chars.,public service,https://www.ccdi.gov.cn/,特困人员供养与分散供养服务协议应关注哪些条款？ 请结合权威公开信息作答，并提示用户以经办机构或主管部门最新规定为准。,medium,medium
ps-032,pl_glm_47_flashx,glm_final,glm_flashx_auto,,,,,,,,,GLM flashx response. Latency: 20.64s. Response length: 453 chars.,public service,https://www.gov.cn/gongbao/2025/issue_12266/202509/content_7039598.html,残疾人两项补贴资格认定与动态复核要点是什么？ 请结合权威公开信息作答，并提示用户以经办机构或主管部门最新规定为准。,medium,medium
ps-033,pl_glm_47,glm_final,glm_regular_auto,,,,,,,,,GLM regular response. Latency: 42.41s. Response length: 874 chars.,public service,https://www.nhsa.gov.cn/col/col114/index.html,婚姻登记“跨省通办”试点中当事人材料准备要点有哪些？ 请结合权威公开信息作答，并提示用户以经办机构或主管部门最新规定为准。,medium,medium
ps-033,pl_glm_47_flashx,glm_final,glm_flashx_auto,,,,,,,,,GLM flashx response. Latency: 41.93s. Response length: 278 chars.,public service,https://www.nhsa.gov.cn/col/col114/index.html,婚姻登记“跨省通办”试点中当事人材料准备要点有哪些？ 请结合权威公开信息作答，并提示用户以经办机构或主管部门最新规定为准。,medium,medium
ps-034,pl_glm_47,glm_final,glm_regular_auto,,,,,,,,,GLM regular response. Latency: 32.56s. Response length: 0 chars.,public service,https://www.nhsa.gov.cn/col/col105/index.html,收养登记评估与收养能力评估有何制度性区别？ 请结合权威公开信息作答，并提示用户以经办机构或主管部门最新规定为准。,medium,medium
ps-034,pl_glm_47_flashx,glm_final,glm_flashx_auto,,,,,,,,,GLM flashx response. Latency: 114.00s. Response length: 561 chars.,public service,https://www.nhsa.gov.cn/col/col105/index.html,收养登记评估与收养能力评估有何制度性区别？ 请结合权威公开信息作答，并提示用户以经办机构或主管部门最新规定为准。,medium,medium
ps-035,pl_glm_47,glm_final,glm_regular_auto,,,,,,,,,GLM regular response. Latency: 82.31s. Response length: 1300 chars.,public service,https://www.nhsa.gov.cn/col/col104/index.html,慈善组织信息公开与募捐备案应关注哪些合规点？ 请结合权威公开信息作答，并提示用户以经办机构或主管部门最新规定为准。,medium,medium
ps-035,pl_glm_47_flashx,glm_final,glm_flashx_auto,,,,,,,,,GLM flashx response. Latency: 93.13s. Response length: 967 chars.,public service,https://www.nhsa.gov.cn/col/col104/index.html,慈善组织信息公开与募捐备案应关注哪些合规点？ 请结合权威公开信息作答，并提示用户以经办机构或主管部门最新规定为准。,medium,medium
ps-036,pl_glm_47,glm_final,glm_regular_auto,,,,,,,,,GLM regular response. Latency: 22.44s. Response length: 370 chars.,public service,https://www.nhsa.gov.cn/col/col109/index.html,志愿服务记录与证明出具应遵循哪些基本要求？ 请结合权威公开信息作答，并提示用户以经办机构或主管部门最新规定为准。,medium,medium
ps-036,pl_glm_47_flashx,glm_final,glm_flashx_auto,,,,,,,,,GLM flashx response. Latency: 26.20s. Response length: 306 chars.,public service,https://www.nhsa.gov.cn/col/col109/index.html,志愿服务记录与证明出具应遵循哪些基本要求？ 请结合权威公开信息作答，并提示用户以经办机构或主管部门最新规定为准。,medium,medium
ps-037,pl_glm_47_flashx,glm_final,glm_flashx_auto,,,,,,,,,GLM flashx response. Latency: 109.39s. Response length: 633 chars.,public service,https://www.gov.cn/zhengce/zuixin/,行政区划变更公告后，证照与合同地址条款如何处理更稳妥？ 请结合权威公开信息作答，并提示用户以经办机构或主管部门最新规定为准。,medium,medium
ps-038,pl_glm_47_flashx,glm_final,glm_flashx_auto,,,,,,,,,GLM flashx response. Latency: 33.68s. Response length: 500 chars.,public service,https://www.gov.cn/hudong/index.htm,地名管理中对具有重要地理方位意义的名称命名更名程序要点？ 请结合权威公开信息作答，并提示用户以经办机构或主管部门最新规定为准。,medium,medium
ps-039,pl_glm_47,glm_final,glm_regular_auto,,,,,,,,,GLM regular response. Latency: 59.53s. Response length: 1100 chars.,public service,https://www.moe.gov.cn/jyb_xxgk/moe_1777/moe_1778/,基层群众性自治组织与基层政府在社区治理中的职责边界？ 请结合权威公开信息作答，并提示用户以经办机构或主管部门最新规定为准。,medium,medium
ps-039,pl_glm_47_flashx,glm_final,glm_flashx_auto,,,,,,,,,GLM flashx response. Latency: 61.73s. Response length: 877 chars.,public service,https://www.moe.gov.cn/jyb_xxgk/moe_1777/moe_1778/,基层群众性自治组织与基层政府在社区治理中的职责边界？ 请结合权威公开信息作答，并提示用户以经办机构或主管部门最新规定为准。,medium,medium
ps-040,pl_glm_47,glm_final,glm_regular_auto,,,,,,,,,GLM regular response. Latency: 30.27s. Response length: 575 chars.,public service,https://www.moe.gov.cn/jyb_xwfb/xw_fbbm/,信访事项受理与办理“三个到位”应如何向群众解释？ 请结合权威公开信息作答，并提示用户以经办机构或主管部门最新规定为准。,medium,medium
ps-040,pl_glm_47_flashx,glm_final,glm_flashx_auto,,,,,,,,,GLM flashx response. Latency: 30.05s. Response length: 296 chars.,public service,https://www.moe.gov.cn/jyb_xwfb/xw_fbbm/,信访事项受理与办理“三个到位”应如何向群众解释？ 请结合权威公开信息作答，并提示用户以经办机构或主管部门最新规定为准。,medium,medium
ps-041,pl_glm_47_flashx,glm_final,glm_flashx_auto,,,,,,,,,GLM flashx response. Latency: 34.59s. Response length: 1392 chars.,public service,https://www.mem.gov.cn/,行政复议与行政诉讼在救济路径选择上如何把握？ 请结合权威公开信息作答，并提示用户以经办机构或主管部门最新规定为准。,high,medium
ps-042,pl_glm_47,glm_final,glm_regular_auto,,,,,,,,,GLM regular response. Latency: 46.91s. Response length: 803 chars.,public service,https://www.mem.gov.cn/yw/zdgz/ajfb/,政府信息公开申请中“三需要”原则应如何准确理解？ 请结合权威公开信息作答，并提示用户以经办机构或主管部门最新规定为准。,medium,medium
ps-042,pl_glm_47_flashx,glm_final,glm_flashx_auto,,,,,,,,,GLM flashx response. Latency: 62.99s. Response length: 213 chars.,public service,https://www.mem.gov.cn/yw/zdgz/ajfb/,政府信息公开申请中“三需要”原则应如何准确理解？ 请结合权威公开信息作答，并提示用户以经办机构或主管部门最新规定为准。,medium,medium
ps-043,pl_glm_47,glm_final,glm_regular_auto,,,,,,,,,GLM regular response. Latency: 25.02s. Response length: 1124 chars.,public service,https://www.samr.gov.cn/,重大行政决策公众参与与专家论证如何组织更规范？ 请结合权威公开信息作答，并提示用户以经办机构或主管部门最新规定为准。,medium,medium
ps-043,pl_glm_47_flashx,glm_final,glm_flashx_auto,,,,,,,,,GLM flashx response. Latency: 20.72s. Response length: 443 chars.,public service,https://www.samr.gov.cn/,重大行政决策公众参与与专家论证如何组织更规范？ 请结合权威公开信息作答，并提示用户以经办机构或主管部门最新规定为准。,medium,medium
ps-044,pl_glm_47,glm_final,glm_regular_auto,,,,,,,,,GLM regular response. Latency: 44.64s. Response length: 875 chars.,public service,https://www.samr.gov.cn/zw/zwfb/,行政执法公示制度中应重点公开哪些要素？ 请结合权威公开信息作答，并提示用户以经办机构或主管部门最新规定为准。,medium,medium
ps-044,pl_glm_47_flashx,glm_final,glm_flashx_auto,,,,,,,,,GLM flashx response. Latency: 31.83s. Response length: 459 chars.,public service,https://www.samr.gov.cn/zw/zwfb/,行政执法公示制度中应重点公开哪些要素？ 请结合权威公开信息作答，并提示用户以经办机构或主管部门最新规定为准。,medium,medium
ps-045,pl_glm_47_flashx,glm_final,glm_flashx_auto,,,,,,,,,GLM flashx response. Latency: 44.06s. Response length: 313 chars.,public service,https://www.mnr.gov.cn/,行政裁量权基准制定中如何听取市场主体意见？ 请结合权威公开信息作答，并提示用户以经办机构或主管部门最新规定为准。,medium,medium
ps-058,pl_glm_47_flashx,glm_final,glm_flashx_auto,,,,,,,,,GLM flashx response. Latency: 23.63s. Response length: 945 chars.,public service,https://www.moj.gov.cn/,外国人来华工作许可与居留许可衔接办理要点？ 请结合权威公开信息作答，并提示用户以经办机构或主管部门最新规定为准。,medium,medium
ps-059,pl_glm_47_flashx,glm_final,glm_flashx_auto,,,,,,,,,GLM flashx response. Latency: 32.24s. Response length: 874 chars.,public service,https://www.moj.gov.cn/pub/sfbgw/,领事保护与协助的启动条件与求助渠道有哪些？ 请结合权威公开信息作答，并提示用户以经办机构或主管部门最新规定为准。,medium,medium
ps-060,pl_glm_47_flashx,glm_final,glm_flashx_auto,,,,,,,,,GLM flashx response. Latency: 22.58s. Response length: 715 chars.,public service,https://www.mps.gov.cn/,国家安全教育进社区活动可设计哪些互动环节？ 请结合权威公开信息作答，并提示用户以经办机构或主管部门最新规定为准。,medium,medium
ps-061,pl_glm_47_flashx,glm_final,glm_flashx_auto,,,,,,,,,GLM flashx response. Latency: 18.51s. Response length: 744 chars.,public service,https://www.mps.gov.cn/n2253534/n2253535/,反间谍安全防范重点单位名录管理要点是什么？ 请结合权威公开信息作答，并提示用户以经办机构或主管部门最新规定为准。,medium,medium
ps-062,pl_glm_47_flashx,glm_final,glm_flashx_auto,,,,,,,,,GLM flashx response. Latency: 36.56s. Response length: 902 chars.,public service,https://www.ccdi.gov.cn/,数据出境安全评估与个人信息出境标准合同路径如何区分？ 请结合权威公开信息作答，并提示用户以经办机构或主管部门最新规定为准。,medium,medium
ps-063,pl_glm_47_flashx,glm_final,glm_flashx_auto,,,,,,,,,GLM flashx response. Latency: 26.47s. Response length: 408 chars.,public service,https://www.gov.cn/gongbao/2025/issue_12266/202509/content_7039598.html,关键信息基础设施认定对运营者的额外义务有哪些？ 请结合权威公开信息作答，并提示用户以经办机构或主管部门最新规定为准。,medium,medium
ps-064,pl_glm_47_flashx,glm_final,glm_flashx_auto,,,,,,,,,GLM flashx response. Latency: 19.07s. Response length: 408 chars.,public service,https://www.nhsa.gov.cn/col/col114/index.html,网络安全等级保护测评与商用密码应用安全性评估关系？ 请结合权威公开信息作答，并提示用户以经办机构或主管部门最新规定为准。,medium,medium
ps-065,pl_glm_47_flashx,glm_final,glm_flashx_auto,,,,,,,,,GLM flashx response. Latency: 24.83s. Response length: 935 chars.,public service,https://www.nhsa.gov.cn/col/col105/index.html,政务云服务商安全责任边界在合同中如何约定更稳妥？ 请结合权威公开信息作答，并提示用户以经办机构或主管部门最新规定为准。,medium,medium
ps-066,pl_glm_47_flashx,glm_final,glm_flashx_auto,,,,,,,,,GLM flashx response. Latency: 37.88s. Response length: 643 chars.,public service,https://www.nhsa.gov.cn/col/col104/index.html,重大活动网络安全保障工作方案通常包含哪些模块？ 请结合权威公开信息作答，并提示用户以经办机构或主管部门最新规定为准。,medium,medium
ps-067,pl_glm_47_flashx,glm_final,glm_flashx_auto,,,,,,,,,GLM flashx response. Latency: 16.92s. Response length: 504 chars.,public service,https://www.nhsa.gov.cn/col/col109/index.html,网络谣言治理中平台与监管部门的协同要点？ 请结合权威公开信息作答，并提示用户以经办机构或主管部门最新规定为准。,medium,medium
ps-068,pl_glm_47_flashx,glm_final,glm_flashx_auto,,,,,,,,,GLM flashx response. Latency: 18.79s. Response length: 431 chars.,public service,https://www.gov.cn/zhengce/zuixin/,未成年人网络保护中监护人指导责任如何落实？ 请结合权威公开信息作答，并提示用户以经办机构或主管部门最新规定为准。,medium,medium
ps-069,pl_glm_47_flashx,glm_final,glm_flashx_auto,,,,,,,,,GLM flashx response. Latency: 31.15s. Response length: 553 chars.,public service,https://www.gov.cn/hudong/index.htm,网络直播营销中商品信息披露的底线要求有哪些？ 请结合权威公开信息作答，并提示用户以经办机构或主管部门最新规定为准。,medium,medium
ps-070,pl_glm_47_flashx,glm_final,glm_flashx_auto,,,,,,,,,GLM flashx response. Latency: 28.04s. Response length: 658 chars.,public service,https://www.moe.gov.cn/jyb_xxgk/moe_1777/moe_1778/,算法推荐服务透明化与用户关闭权应如何向用户解释？ 请结合权威公开信息作答，并提示用户以经办机构或主管部门最新规定为准。,medium,medium
code-008,pl_glm_47,glm_final,glm_regular_auto,,,,,,,,,GLM regular response. Latency: 17.84s. Response length: 503 chars.,code,https://docs.python.org/3/library/itertools.html,pathlib.Path 相对 os.path 的主要优势？,low,easy
es-064,pl_glm_47,glm_final,glm_regular_auto,,,,,,,,,GLM regular response. Latency: 32.96s. Response length: 349 chars.,enterprise support,https://www.chinatax.gov.cn/chinatax/n810219/n810724/c5247328/content.html,制造业质量管理数字化典型场景？ 请提示企业以税务机关、监管机关及合同文本为准，避免替代专业审计或法律意见。,medium,medium
es-065,pl_glm_47,glm_final,glm_regular_auto,,,,,,,,,GLM regular response. Latency: 37.73s. Response length: 377 chars.,enterprise support,https://www.samr.gov.cn/,供应链创新与应用试点终期验收关注点？ 请提示企业以税务机关、监管机关及合同文本为准，避免替代专业审计或法律意见。,medium,medium
ps-020,pl_glm_47,glm_final,glm_regular_auto,,,,,,,,,GLM regular response. Latency: 48.07s. Response length: 967 chars.,public service,https://www.mohrss.gov.cn/SYrlzyhshbzb/jycyz/,噪声污染防治中“敏感建筑物集中区域”监管要点是什么？ 请结合权威公开信息作答，并提示用户以经办机构或主管部门最新规定为准。,medium,medium
ps-021,pl_glm_47,glm_final,glm_regular_auto,,,,,,,,,GLM regular response. Latency: 57.01s. Response length: 615 chars.,public service,https://www.ndrc.gov.cn/,生活垃圾分类投放、收集、运输的责任边界如何划分？ 请结合权威公开信息作答，并提示用户以经办机构或主管部门最新规定为准。,medium,medium
ps-022,pl_glm_47,glm_final,glm_regular_auto,,,,,,,,,GLM regular response. Latency: 34.13s. Response length: 763 chars.,public service,https://www.ndrc.gov.cn/fggz/,危险废物经营许可证制度对产废单位意味着什么？ 请结合权威公开信息作答，并提示用户以经办机构或主管部门最新规定为准。,high,medium
ps-023,pl_glm_47,glm_final,glm_regular_auto,,,,,,,,,GLM regular response. Latency: 25.93s. Response length: 562 chars.,public service,https://www.mof.gov.cn/,土壤污染风险管控和修复活动中的信息公开要求有哪些？ 请结合权威公开信息作答，并提示用户以经办机构或主管部门最新规定为准。,medium,medium
ps-024,pl_glm_47,glm_final,glm_regular_auto,,,,,,,,,GLM regular response. Latency: 28.57s. Response length: 749 chars.,public service,https://www.mof.gov.cn/zhengwuxinxi/caizhengxinwen/,碳排放权交易与排污许可制度在监管对象上如何区分？ 请结合权威公开信息作答，并提示用户以经办机构或主管部门最新规定为准。,medium,medium
ps-025,pl_glm_47,glm_final,glm_regular_auto,,,,,,,,,GLM regular response. Latency: 47.23s. Response length: 639 chars.,public service,https://www.nhc.gov.cn/,生态保护红线内允许的人类活动类型有哪些概括性限制？ 请结合权威公开信息作答，并提示用户以经办机构或主管部门最新规定为准。,medium,medium
ps-013,pl_glm_47_flashx,glm_final,glm_flashx_auto,,,,,,,,,GLM flashx response. Latency: 24.40s. Response length: 710 chars.,public service,https://www.samr.gov.cn/zw/zwfb/,传染病疫情信息报告与个人隐私保护之间如何把握平衡？ 请结合权威公开信息作答，并提示用户以经办机构或主管部门最新规定为准。,medium,medium
ps-014,pl_glm_47_flashx,glm_final,glm_flashx_auto,,,,,,,,,GLM flashx response. Latency: 17.32s. Response length: 430 chars.,public service,https://www.mnr.gov.cn/,学校传染病防控中家校协同的常见要点有哪些？ 请结合权威公开信息作答，并提示用户以经办机构或主管部门最新规定为准。,medium,medium
ps-015,pl_glm_47_flashx,glm_final,glm_flashx_auto,,,,,,,,,GLM flashx response. Latency: 22.04s. Response length: 594 chars.,public service,https://www.mee.gov.cn/,预防接种异常反应补偿与民事赔偿关系应如何向群众解释？ 请结合权威公开信息作答，并提示用户以经办机构或主管部门最新规定为准。,medium,medium
ps-016,pl_glm_47_flashx,glm_final,glm_flashx_auto,,,,,,,,,GLM flashx response. Latency: 32.65s. Response length: 574 chars.,public service,https://www.mee.gov.cn/zcwj/gwywj/202508/t20250827_1126207.shtml,精神卫生法框架下严重精神障碍患者服务管理要点是什么？ 请结合权威公开信息作答，并提示用户以经办机构或主管部门最新规定为准。,medium,medium
ps-017,pl_glm_47_flashx,glm_final,glm_flashx_auto,,,,,,,,,GLM flashx response. Latency: 24.72s. Response length: 452 chars.,public service,https://www.mca.gov.cn/,突发公共卫生事件分级响应启动后，社区可承担哪些配合工作？ 请结合权威公开信息作答，并提示用户以经办机构或主管部门最新规定为准。,medium,medium
ps-018,pl_glm_47_flashx,glm_final,glm_flashx_auto,,,,,,,,,GLM flashx response. Latency: 18.00s. Response length: 647 chars.,public service,https://www.mca.gov.cn/n152/n165/c166/,食品安全事故信息通报与舆情回应应注意哪些原则？ 请结合权威公开信息作答，并提示用户以经办机构或主管部门最新规定为准。,high,medium
ps-019,pl_glm_47_flashx,glm_final,glm_flashx_auto,,,,,,,,,GLM flashx response. Latency: 17.84s. Response length: 557 chars.,public service,https://www.mohrss.gov.cn/SYrlzyhshbzk/,饮用水水源保护区管理中的公众参与方式有哪些？ 请结合权威公开信息作答，并提示用户以经办机构或主管部门最新规定为准。,medium,medium
ps-020,pl_glm_47_flashx,glm_final,glm_flashx_auto,,,,,,,,,GLM flashx response. Latency: 29.93s. Response length: 346 chars.,public service,https://www.mohrss.gov.cn/SYrlzyhshbzb/jycyz/,噪声污染防治中“敏感建筑物集中区域”监管要点是什么？ 请结合权威公开信息作答，并提示用户以经办机构或主管部门最新规定为准。,medium,medium
ps-021,pl_glm_47_flashx,glm_final,glm_flashx_auto,,,,,,,,,GLM flashx response. Latency: 16.90s. Response length: 767 chars.,public service,https://www.ndrc.gov.cn/,生活垃圾分类投放、收集、运输的责任边界如何划分？ 请结合权威公开信息作答，并提示用户以经办机构或主管部门最新规定为准。,medium,medium
ps-022,pl_glm_47_flashx,glm_final,glm_flashx_auto,,,,,,,,,GLM flashx response. Latency: 17.10s. Response length: 370 chars.,public service,https://www.ndrc.gov.cn/fggz/,危险废物经营许可证制度对产废单位意味着什么？ 请结合权威公开信息作答，并提示用户以经办机构或主管部门最新规定为准。,high,medium
ps-023,pl_glm_47_flashx,glm_final,glm_flashx_auto,,,,,,,,,GLM flashx response. Latency: 38.13s. Response length: 1226 chars.,public service,https://www.mof.gov.cn/,土壤污染风险管控和修复活动中的信息公开要求有哪些？ 请结合权威公开信息作答，并提示用户以经办机构或主管部门最新规定为准。,medium,medium
ps-024,pl_glm_47_flashx,glm_final,glm_flashx_auto,,,,,,,,,GLM flashx response. Latency: 58.66s. Response length: 595 chars.,public service,https://www.mof.gov.cn/zhengwuxinxi/caizhengxinwen/,碳排放权交易与排污许可制度在监管对象上如何区分？ 请结合权威公开信息作答，并提示用户以经办机构或主管部门最新规定为准。,medium,medium
ps-025,pl_glm_47,glm_final,glm_regular_auto,,,,,,,,,GLM regular response. Latency: 27.62s. Response length: 878 chars.,public service,https://www.nhc.gov.cn/,生态保护红线内允许的人类活动类型有哪些概括性限制？ 请结合权威公开信息作答，并提示用户以经办机构或主管部门最新规定为准。,medium,medium
ps-025,pl_glm_47_flashx,glm_final,glm_flashx_auto,,,,,,,,,GLM flashx response. Latency: 46.52s. Response length: 361 chars.,public service,https://www.nhc.gov.cn/,生态保护红线内允许的人类活动类型有哪些概括性限制？ 请结合权威公开信息作答，并提示用户以经办机构或主管部门最新规定为准。,medium,medium
ps-026,pl_glm_47,glm_final,glm_regular_auto,,,,,,,,,GLM regular response. Latency: 65.55s. Response length: 1009 chars.,public service,https://www.nhc.gov.cn/wjw/bmgz/,海域使用论证与海洋环境影响评价在程序上如何衔接？ 请结合权威公开信息作答，并提示用户以经办机构或主管部门最新规定为准。,medium,medium
ps-026,pl_glm_47_flashx,glm_final,glm_flashx_auto,,,,,,,,,GLM flashx response. Latency: 30.18s. Response length: 878 chars.,public service,https://www.nhc.gov.cn/wjw/bmgz/,海域使用论证与海洋环境影响评价在程序上如何衔接？ 请结合权威公开信息作答，并提示用户以经办机构或主管部门最新规定为准。,medium,medium
ps-027,pl_glm_47,glm_final,glm_regular_auto,,,,,,,,,GLM regular response. Latency: 74.27s. Response length: 1354 chars.,public service,https://www.moj.gov.cn/,养老机构备案与消防审验的常见合规要点有哪些？ 请结合权威公开信息作答，并提示用户以经办机构或主管部门最新规定为准。,medium,medium
ps-027,pl_glm_47_flashx,glm_final,glm_flashx_auto,,,,,,,,,GLM flashx response. Latency: 25.70s. Response length: 1302 chars.,public service,https://www.moj.gov.cn/,养老机构备案与消防审验的常见合规要点有哪些？ 请结合权威公开信息作答，并提示用户以经办机构或主管部门最新规定为准。,medium,medium
ps-028,pl_glm_47,glm_final,glm_regular_auto,,,,,,,,,GLM regular response. Latency: 25.77s. Response length: 451 chars.,public service,https://www.moj.gov.cn/pub/sfbgw/,未成年人社会保护工作中强制报告制度的适用情形有哪些？ 请结合权威公开信息作答，并提示用户以经办机构或主管部门最新规定为准。,medium,medium
ps-028,pl_glm_47_flashx,glm_final,glm_flashx_auto,,,,,,,,,GLM flashx response. Latency: 40.66s. Response length: 566 chars.,public service,https://www.moj.gov.cn/pub/sfbgw/,未成年人社会保护工作中强制报告制度的适用情形有哪些？ 请结合权威公开信息作答，并提示用户以经办机构或主管部门最新规定为准。,medium,medium
ps-029,pl_glm_47,glm_final,glm_regular_auto,,,,,,,,,GLM regular response. Latency: 58.95s. Response length: 703 chars.,public service,https://www.mps.gov.cn/,最低生活保障家庭经济状况核对应注意哪些隐私与准确性问题？ 请结合权威公开信息作答，并提示用户以经办机构或主管部门最新规定为准。,medium,medium
ps-029,pl_glm_47_flashx,glm_final,glm_flashx_auto,,,,,,,,,GLM flashx response. Latency: 48.63s. Response length: 545 chars.,public service,https://www.mps.gov.cn/,最低生活保障家庭经济状况核对应注意哪些隐私与准确性问题？ 请结合权威公开信息作答，并提示用户以经办机构或主管部门最新规定为准。,medium,medium
ps-030,pl_glm_47_flashx,glm_final,glm_flashx_auto,,,,,,,,,GLM flashx response. Latency: 51.56s. Response length: 432 chars.,public service,https://www.mps.gov.cn/n2253534/n2253535/,临时救助与低保在对象与给付方式上有何主要区别？ 请结合权威公开信息作答，并提示用户以经办机构或主管部门最新规定为准。,medium,medium
ps-031,pl_glm_47,glm_final,glm_regular_auto,,,,,,,,,GLM regular response. Latency: 73.40s. Response length: 832 chars.,public service,https://www.ccdi.gov.cn/,特困人员供养与分散供养服务协议应关注哪些条款？ 请结合权威公开信息作答，并提示用户以经办机构或主管部门最新规定为准。,medium,medium
ps-031,pl_glm_47_flashx,glm_final,glm_flashx_auto,,,,,,,,,GLM flashx response. Latency: 46.64s. Response length: 786 chars.,public service,https://www.ccdi.gov.cn/,特困人员供养与分散供养服务协议应关注哪些条款？ 请结合权威公开信息作答，并提示用户以经办机构或主管部门最新规定为准。,medium,medium
ps-032,pl_glm_47_flashx,glm_final,glm_flashx_auto,,,,,,,,,GLM flashx response. Latency: 82.33s. Response length: 1135 chars.,public service,https://www.gov.cn/gongbao/2025/issue_12266/202509/content_7039598.html,残疾人两项补贴资格认定与动态复核要点是什么？ 请结合权威公开信息作答，并提示用户以经办机构或主管部门最新规定为准。,medium,medium
ps-033,pl_glm_47,glm_final,glm_regular_auto,,,,,,,,,GLM regular response. Latency: 34.54s. Response length: 781 chars.,public service,https://www.nhsa.gov.cn/col/col114/index.html,婚姻登记“跨省通办”试点中当事人材料准备要点有哪些？ 请结合权威公开信息作答，并提示用户以经办机构或主管部门最新规定为准。,medium,medium
ps-033,pl_glm_47_flashx,glm_final,glm_flashx_auto,,,,,,,,,GLM flashx response. Latency: 42.01s. Response length: 0 chars.,public service,https://www.nhsa.gov.cn/col/col114/index.html,婚姻登记“跨省通办”试点中当事人材料准备要点有哪些？ 请结合权威公开信息作答，并提示用户以经办机构或主管部门最新规定为准。,medium,medium
ps-034,pl_glm_47_flashx,glm_final,glm_flashx_auto,,,,,,,,,GLM flashx response. Latency: 22.37s. Response length: 568 chars.,public service,https://www.nhsa.gov.cn/col/col105/index.html,收养登记评估与收养能力评估有何制度性区别？ 请结合权威公开信息作答，并提示用户以经办机构或主管部门最新规定为准。,medium,medium
ps-035,pl_glm_47_flashx,glm_final,glm_flashx_auto,,,,,,,,,GLM flashx response. Latency: 27.59s. Response length: 690 chars.,public service,https://www.nhsa.gov.cn/col/col104/index.html,慈善组织信息公开与募捐备案应关注哪些合规点？ 请结合权威公开信息作答，并提示用户以经办机构或主管部门最新规定为准。,medium,medium
ps-036,pl_glm_47,glm_final,glm_regular_auto,,,,,,,,,GLM regular response. Latency: 87.60s. Response length: 477 chars.,public service,https://www.nhsa.gov.cn/col/col109/index.html,志愿服务记录与证明出具应遵循哪些基本要求？ 请结合权威公开信息作答，并提示用户以经办机构或主管部门最新规定为准。,medium,medium
ps-036,pl_glm_47_flashx,glm_final,glm_flashx_auto,,,,,,,,,GLM flashx response. Latency: 75.04s. Response length: 395 chars.,public service,https://www.nhsa.gov.cn/col/col109/index.html,志愿服务记录与证明出具应遵循哪些基本要求？ 请结合权威公开信息作答，并提示用户以经办机构或主管部门最新规定为准。,medium,medium
ps-002,pl_glm_47_flashx,glm_final,glm_flashx_auto,,,,,,,,,GLM flashx response. Latency: 20.72s. Response length: 623 chars.,public service,https://www.nhsa.gov.cn/col/col114/index.html,城乡居民医保参保缴费期与待遇享受期衔接，应注意哪些常见误区？ 请结合权威公开信息作答，并提示用户以经办机构或主管部门最新规定为准。,medium,medium
ps-003,pl_glm_47_flashx,glm_final,glm_flashx_auto,,,,,,,,,GLM flashx response. Latency: 42.00s. Response length: 814 chars.,public service,https://www.nhsa.gov.cn/col/col105/index.html,门诊慢特病资格认定与报销流程，一般包含哪些环节？ 请结合权威公开信息作答，并提示用户以经办机构或主管部门最新规定为准。,medium,medium
ps-004,pl_glm_47_flashx,glm_final,glm_flashx_auto,,,,,,,,,GLM flashx response. Latency: 35.02s. Response length: 418 chars.,public service,https://www.nhsa.gov.cn/col/col104/index.html,生育保险待遇申领通常需要哪些证明材料与办理渠道？ 请结合权威公开信息作答，并提示用户以经办机构或主管部门最新规定为准。,medium,medium
ps-005,pl_glm_47_flashx,glm_final,glm_flashx_auto,,,,,,,,,GLM flashx response. Latency: 65.24s. Response length: 750 chars.,public service,https://www.nhsa.gov.cn/col/col109/index.html,医疗救助对象认定与“一站式”结算，政策要点有哪些？ 请结合权威公开信息作答，并提示用户以经办机构或主管部门最新规定为准。,medium,medium
ps-006,pl_glm_47_flashx,glm_final,glm_flashx_auto,,,,,,,,,GLM flashx response. Latency: 21.49s. Response length: 682 chars.,public service,https://www.gov.cn/zhengce/zuixin/,长期护理保险试点地区参保人如何了解本地待遇与评估流程？ 请结合权威公开信息作答，并提示用户以经办机构或主管部门最新规定为准。,medium,medium
ps-007,pl_glm_47,glm_final,glm_regular_auto,,,,,,,,,GLM regular response. Latency: 31.00s. Response length: 636 chars.,public service,https://www.gov.cn/hudong/index.htm,医保电子凭证与实体社保卡在就医结算中的关系如何理解？ 请结合权威公开信息作答，并提示用户以经办机构或主管部门最新规定为准。,medium,medium
ps-007,pl_glm_47_flashx,glm_final,glm_flashx_auto,,,,,,,,,GLM flashx response. Latency: 29.65s. Response length: 231 chars.,public service,https://www.gov.cn/hudong/index.htm,医保电子凭证与实体社保卡在就医结算中的关系如何理解？ 请结合权威公开信息作答，并提示用户以经办机构或主管部门最新规定为准。,medium,medium
ps-008,pl_glm_47,glm_final,glm_regular_auto,,,,,,,,,GLM regular response. Latency: 39.49s. Response length: 155 chars.,public service,https://www.moe.gov.cn/jyb_xxgk/moe_1777/moe_1778/,谈判药品“双通道”供药机制对参保患者意味着什么？ 请结合权威公开信息作答，并提示用户以经办机构或主管部门最新规定为准。,medium,medium
ps-008,pl_glm_47_flashx,glm_final,glm_flashx_auto,,,,,,,,,GLM flashx response. Latency: 32.31s. Response length: 257 chars.,public service,https://www.moe.gov.cn/jyb_xxgk/moe_1777/moe_1778/,谈判药品“双通道”供药机制对参保患者意味着什么？ 请结合权威公开信息作答，并提示用户以经办机构或主管部门最新规定为准。,medium,medium
ps-009,pl_glm_47,glm_final,glm_regular_auto,,,,,,,,,GLM regular response. Latency: 25.47s. Response length: 1209 chars.,public service,https://www.moe.gov.cn/jyb_xwfb/xw_fbbm/,医保基金监管举报投诉渠道与受理范围一般包括哪些？ 请结合权威公开信息作答，并提示用户以经办机构或主管部门最新规定为准。,medium,medium
ps-009,pl_glm_47_flashx,glm_final,glm_flashx_auto,,,,,,,,,GLM flashx response. Latency: 47.89s. Response length: 633 chars.,public service,https://www.moe.gov.cn/jyb_xwfb/xw_fbbm/,医保基金监管举报投诉渠道与受理范围一般包括哪些？ 请结合权威公开信息作答，并提示用户以经办机构或主管部门最新规定为准。,medium,medium
ps-010,pl_glm_47,glm_final,glm_regular_auto,,,,,,,,,GLM regular response. Latency: 81.54s. Response length: 1007 chars.,public service,https://www.mem.gov.cn/,跨省异地就医直接结算失败时，可按什么顺序自查原因？ 请结合权威公开信息作答，并提示用户以经办机构或主管部门最新规定为准。,medium,medium
ps-010,pl_glm_47_flashx,glm_final,glm_flashx_auto,,,,,,,,,GLM flashx response. Latency: 22.08s. Response length: 302 chars.,public service,https://www.mem.gov.cn/,跨省异地就医直接结算失败时，可按什么顺序自查原因？ 请结合权威公开信息作答，并提示用户以经办机构或主管部门最新规定为准。,medium,medium
ps-011,pl_glm_47,glm_final,glm_regular_auto,,,,,,,,,GLM regular response. Latency: 32.46s. Response length: 378 chars.,public service,https://www.mem.gov.cn/yw/zdgz/ajfb/,国家组织药品集中带量采购对参保人药费负担的影响应如何客观表述？ 请结合权威公开信息作答，并提示用户以经办机构或主管部门最新规定为准。,medium,medium
ps-011,pl_glm_47_flashx,glm_final,glm_flashx_auto,,,,,,,,,GLM flashx response. Latency: 32.65s. Response length: 390 chars.,public service,https://www.mem.gov.cn/yw/zdgz/ajfb/,国家组织药品集中带量采购对参保人药费负担的影响应如何客观表述？ 请结合权威公开信息作答，并提示用户以经办机构或主管部门最新规定为准。,medium,medium
ps-012,pl_glm_47,glm_final,glm_regular_auto,,,,,,,,,GLM regular response. Latency: 79.82s. Response length: 819 chars.,public service,https://www.samr.gov.cn/,基本公共卫生服务与基本医疗服务在制度上如何区分？ 请结合权威公开信息作答，并提示用户以经办机构或主管部门最新规定为准。,medium,medium
ps-012,pl_glm_47_flashx,glm_final,glm_flashx_auto,,,,,,,,,GLM flashx response. Latency: 32.15s. Response length: 585 chars.,public service,https://www.samr.gov.cn/,基本公共卫生服务与基本医疗服务在制度上如何区分？ 请结合权威公开信息作答，并提示用户以经办机构或主管部门最新规定为准。,medium,medium
ps-013,pl_glm_47,glm_final,glm_regular_auto,,,,,,,,,GLM regular response. Latency: 32.84s. Response length: 773 chars.,public service,https://www.samr.gov.cn/zw/zwfb/,传染病疫情信息报告与个人隐私保护之间如何把握平衡？ 请结合权威公开信息作答，并提示用户以经办机构或主管部门最新规定为准。,medium,medium
ps-013,pl_glm_47_flashx,glm_final,glm_flashx_auto,,,,,,,,,GLM flashx response. Latency: 31.36s. Response length: 724 chars.,public service,https://www.samr.gov.cn/zw/zwfb/,传染病疫情信息报告与个人隐私保护之间如何把握平衡？ 请结合权威公开信息作答，并提示用户以经办机构或主管部门最新规定为准。,medium,medium
ps-014,pl_glm_47_flashx,glm_final,glm_flashx_auto,,,,,,,,,GLM flashx response. Latency: 43.99s. Response length: 556 chars.,public service,https://www.mnr.gov.cn/,学校传染病防控中家校协同的常见要点有哪些？ 请结合权威公开信息作答，并提示用户以经办机构或主管部门最新规定为准。,medium,medium
ps-015,pl_glm_47_flashx,glm_final,glm_flashx_auto,,,,,,,,,GLM flashx response. Latency: 31.95s. Response length: 1090 chars.,public service,https://www.mee.gov.cn/,预防接种异常反应补偿与民事赔偿关系应如何向群众解释？ 请结合权威公开信息作答，并提示用户以经办机构或主管部门最新规定为准。,medium,medium
ps-016,pl_glm_47,glm_final,glm_regular_auto,,,,,,,,,GLM regular response. Latency: 46.57s. Response length: 1089 chars.,public service,https://www.mee.gov.cn/zcwj/gwywj/202508/t20250827_1126207.shtml,精神卫生法框架下严重精神障碍患者服务管理要点是什么？ 请结合权威公开信息作答，并提示用户以经办机构或主管部门最新规定为准。,medium,medium
ps-016,pl_glm_47_flashx,glm_final,glm_flashx_auto,,,,,,,,,GLM flashx response. Latency: 28.53s. Response length: 804 chars.,public service,https://www.mee.gov.cn/zcwj/gwywj/202508/t20250827_1126207.shtml,精神卫生法框架下严重精神障碍患者服务管理要点是什么？ 请结合权威公开信息作答，并提示用户以经办机构或主管部门最新规定为准。,medium,medium
ps-017,pl_glm_47,glm_final,glm_regular_auto,,,,,,,,,GLM regular response. Latency: 23.78s. Response length: 720 chars.,public service,https://www.mca.gov.cn/,突发公共卫生事件分级响应启动后，社区可承担哪些配合工作？ 请结合权威公开信息作答，并提示用户以经办机构或主管部门最新规定为准。,medium,medium
ps-017,pl_glm_47_flashx,glm_final,glm_flashx_auto,,,,,,,,,GLM flashx response. Latency: 64.20s. Response length: 452 chars.,public service,https://www.mca.gov.cn/,突发公共卫生事件分级响应启动后，社区可承担哪些配合工作？ 请结合权威公开信息作答，并提示用户以经办机构或主管部门最新规定为准。,medium,medium
ps-018,pl_glm_47,glm_final,glm_regular_auto,,,,,,,,,GLM regular response. Latency: 79.63s. Response length: 792 chars.,public service,https://www.mca.gov.cn/n152/n165/c166/,食品安全事故信息通报与舆情回应应注意哪些原则？ 请结合权威公开信息作答，并提示用户以经办机构或主管部门最新规定为准。,high,medium
ps-018,pl_glm_47_flashx,glm_final,glm_flashx_auto,,,,,,,,,GLM flashx response. Latency: 39.29s. Response length: 935 chars.,public service,https://www.mca.gov.cn/n152/n165/c166/,食品安全事故信息通报与舆情回应应注意哪些原则？ 请结合权威公开信息作答，并提示用户以经办机构或主管部门最新规定为准。,high,medium
ps-019,pl_glm_47_flashx,glm_final,glm_flashx_auto,,,,,,,,,GLM flashx response. Latency: 59.73s. Response length: 592 chars.,public service,https://www.mohrss.gov.cn/SYrlzyhshbzk/,饮用水水源保护区管理中的公众参与方式有哪些？ 请结合权威公开信息作答，并提示用户以经办机构或主管部门最新规定为准。,medium,medium
ps-020,pl_glm_47,glm_final,glm_regular_auto,,,,,,,,,GLM regular response. Latency: 33.83s. Response length: 1040 chars.,public service,https://www.mohrss.gov.cn/SYrlzyhshbzb/jycyz/,噪声污染防治中“敏感建筑物集中区域”监管要点是什么？ 请结合权威公开信息作答，并提示用户以经办机构或主管部门最新规定为准。,medium,medium
ps-020,pl_glm_47_flashx,glm_final,glm_flashx_auto,,,,,,,,,GLM flashx response. Latency: 39.09s. Response length: 338 chars.,public service,https://www.mohrss.gov.cn/SYrlzyhshbzb/jycyz/,噪声污染防治中“敏感建筑物集中区域”监管要点是什么？ 请结合权威公开信息作答，并提示用户以经办机构或主管部门最新规定为准。,medium,medium
ps-021,pl_glm_47_flashx,glm_final,glm_flashx_auto,,,,,,,,,GLM flashx response. Latency: 35.87s. Response length: 833 chars.,public service,https://www.ndrc.gov.cn/,生活垃圾分类投放、收集、运输的责任边界如何划分？ 请结合权威公开信息作答，并提示用户以经办机构或主管部门最新规定为准。,medium,medium
ps-022,pl_glm_47_flashx,glm_final,glm_flashx_auto,,,,,,,,,GLM flashx response. Latency: 29.42s. Response length: 387 chars.,public service,https://www.ndrc.gov.cn/fggz/,危险废物经营许可证制度对产废单位意味着什么？ 请结合权威公开信息作答，并提示用户以经办机构或主管部门最新规定为准。,high,medium
