human_time_ai_min,correctness_score,risk_score,review_effort_min,sector,run_id,task_text,annotator_id,hallucination_flag,notes,difficulty_label,completeness_score,risk_class,task_id,quality_score,task_source,policy_id,human_time_base_min
8,8,5,12,,smoke_test,,assistant_demo_v1,0,AI辅助试填占位；结构清晰、有材料清单与官方渠道提示；论文定稿前须真人重标或删除本行。,,8,,ps-001,8,,pl_deepseek_flash,25
8,8,5,10,,batch_20260503,,assistant_demo_v1,0,同上；与 smoke_test 为同一题不同 run，用于检查合并键。,,8,,ps-001,8,,pl_deepseek_flash,25
10,8,5,14,,batch_20260503,,assistant_demo_v1,0,医疗救助认定与一站式说明较完整，含地方差异提示。,,9,,ps-005,8,,pl_deepseek_flash,30
8,8,5,11,,test_each,,assistant_demo_v1,0,DeepSeek 版异地就医要点，口径与 smoke 类似。,,8,,ps-001,8,,pl_deepseek_flash,25
7,8,5,12,,test_each,,assistant_demo_v1,0,分类型材料更细；仍须以参保地最新规定为准，未见明显编造。,,9,,ps-001,9,,pl_spark_ultra,25
10,8,4,15,,ds_batch,,assistant_demo_v1,0,高企研发费用与知识产权匹配，含免责提示，偏解释性。,,8,,es-002,8,,pl_deepseek_flash,35
8,7,5,10,,ds_batch,,assistant_demo_v1,0,占位评分：未逐条核对 JSON 全文；请真人打开对应 response 后修订。,,7,,ps-053,7,,pl_deepseek_flash,20
2,7,3,4,,ds_batch,,assistant_demo_v1,0,选择题短答；未核对标准答案选项，correctness 保守给分。,,6,,cmmlu-025,7,,pl_deepseek_flash,5
28,7,6,12,,batch_20260503,,assistant_demo_v1,1,AI自动标注 - 响应长度: 1472字符,,10,,ps-001,9,,pl_deepseek_pro,25
28,7,6,12,,batch_20260503,,assistant_demo_v1,1,AI自动标注 - 响应长度: 726字符,,10,,ps-002,9,,pl_deepseek_flash,25
26,4,6,12,,batch_20260503,,assistant_demo_v1,0,AI自动标注 - 响应长度: 61字符,,3,,ps-002,4,,pl_deepseek_pro,25
27,7,6,12,,batch_20260503,,assistant_demo_v1,0,AI自动标注 - 响应长度: 409字符,,8,,ps-003,8,,pl_deepseek_flash,25
28,7,6,12,,batch_20260503,,assistant_demo_v1,0,AI自动标注 - 响应长度: 868字符,,10,,ps-003,9,,pl_deepseek_pro,25
28,7,6,12,,batch_20260503,,assistant_demo_v1,1,AI自动标注 - 响应长度: 847字符,,10,,ps-004,9,,pl_deepseek_flash,25
28,7,6,12,,batch_20260503,,assistant_demo_v1,0,AI自动标注 - 响应长度: 833字符,,10,,ps-004,9,,pl_deepseek_pro,25
28,7,6,12,,batch_20260503,,assistant_demo_v1,0,AI自动标注 - 响应长度: 903字符,,10,,ps-005,9,,pl_deepseek_pro,25
28,7,6,12,,batch_20260503,,assistant_demo_v1,1,AI自动标注 - 响应长度: 537字符,,9,,ps-006,8,,pl_deepseek_flash,25
28,7,6,12,,batch_20260503,,assistant_demo_v1,1,AI自动标注 - 响应长度: 679字符,,10,,ps-006,9,,pl_deepseek_pro,25
28,7,6,12,,batch_20260503,,assistant_demo_v1,1,AI自动标注 - 响应长度: 549字符,,10,,ps-007,8,,pl_deepseek_flash,25
28,7,6,12,,batch_20260503,,assistant_demo_v1,1,AI自动标注 - 响应长度: 527字符,,9,,ps-007,8,,pl_deepseek_pro,25
28,7,6,12,,batch_20260503,,assistant_demo_v1,0,AI自动标注 - 响应长度: 543字符,,8,,ps-008,8,,pl_deepseek_flash,25
28,7,6,12,,batch_20260503,,assistant_demo_v1,1,AI自动标注 - 响应长度: 1005字符,,10,,ps-008,9,,pl_deepseek_pro,25
27,7,6,12,,batch_20260503,,assistant_demo_v1,0,AI自动标注 - 响应长度: 391字符,,8,,ps-009,7,,pl_deepseek_flash,25
28,7,6,12,,batch_20260503,,assistant_demo_v1,0,AI自动标注 - 响应长度: 763字符,,10,,ps-009,9,,pl_deepseek_pro,25
28,7,6,12,,batch_20260503,,assistant_demo_v1,0,AI自动标注 - 响应长度: 691字符,,10,,ps-010,9,,pl_deepseek_flash,25
6,4,5,3,,ds_batch,,assistant_demo_v1,0,AI自动标注 - 响应长度: 50字符,,3,,ceval-002,4,,pl_deepseek_flash,5
6,6,5,3,,ds_batch,,assistant_demo_v1,0,AI自动标注 - 响应长度: 190字符,,4,,ceval-002,6,,pl_deepseek_pro,5
6,1,3,3,,ds_batch,,assistant_demo_v1,0,AI自动标注 - 响应长度: 6字符,,1,,ceval-003,1,,pl_deepseek_flash,5
6,4,5,3,,ds_batch,,assistant_demo_v1,0,AI自动标注 - 响应长度: 92字符,,4,,ceval-003,4,,pl_deepseek_pro,5
6,5,5,3,,ds_batch,,assistant_demo_v1,0,AI自动标注 - 响应长度: 135字符,,3,,ceval-004,5,,pl_deepseek_flash,5
6,6,5,3,,ds_batch,,assistant_demo_v1,0,AI自动标注 - 响应长度: 189字符,,6,,ceval-004,6,,pl_deepseek_pro,5
7,8,5,3,,ds_batch,,assistant_demo_v1,0,AI自动标注 - 响应长度: 314字符,,9,,ceval-005,7,,pl_deepseek_flash,5
8,9,5,3,,ds_batch,,assistant_demo_v1,0,AI自动标注 - 响应长度: 586字符,,10,,ceval-005,8,,pl_deepseek_pro,5
6,5,5,3,,ds_batch,,assistant_demo_v1,0,AI自动标注 - 响应长度: 111字符,,6,,ceval-006,5,,pl_deepseek_flash,5
6,5,5,3,,ds_batch,,assistant_demo_v1,0,AI自动标注 - 响应长度: 141字符,,4,,ceval-006,5,,pl_deepseek_pro,5
6,4,5,3,,ds_batch,,assistant_demo_v1,0,AI自动标注 - 响应长度: 46字符,,4,,ceval-007,4,,pl_deepseek_flash,5
6,5,5,3,,ds_batch,,assistant_demo_v1,0,AI自动标注 - 响应长度: 120字符,,4,,ceval-007,5,,pl_deepseek_pro,5
6,5,5,3,,ds_batch,,assistant_demo_v1,0,AI自动标注 - 响应长度: 142字符,,3,,ceval-008,5,,pl_deepseek_flash,5
6,5,5,3,,ds_batch,,assistant_demo_v1,0,AI自动标注 - 响应长度: 109字符,,3,,ceval-008,5,,pl_deepseek_pro,5
6,4,5,3,,ds_batch,,assistant_demo_v1,0,AI自动标注 - 响应长度: 85字符,,3,,ceval-009,4,,pl_deepseek_flash,5
6,4,5,3,,ds_batch,,assistant_demo_v1,0,AI自动标注 - 响应长度: 98字符,,3,,ceval-009,4,,pl_deepseek_pro,5
6,4,5,3,,ds_batch,,assistant_demo_v1,0,AI自动标注 - 响应长度: 82字符,,3,,ceval-010,4,,pl_deepseek_flash,5
6,1,3,3,,ds_batch,,assistant_demo_v1,0,AI自动标注 - 响应长度: 9字符,,1,,ceval-010,1,,pl_deepseek_pro,5
6,5,5,3,,ds_batch,,assistant_demo_v1,0,AI自动标注 - 响应长度: 117字符,,3,,ceval-011,5,,pl_deepseek_flash,5
6,5,5,3,,ds_batch,,assistant_demo_v1,0,AI自动标注 - 响应长度: 129字符,,5,,ceval-011,5,,pl_deepseek_pro,5
6,4,5,3,,ds_batch,,assistant_demo_v1,0,AI自动标注 - 响应长度: 81字符,,3,,ceval-012,4,,pl_deepseek_flash,5
7,8,5,3,,ds_batch,,assistant_demo_v1,0,AI自动标注 - 响应长度: 217字符,,7,,ceval-012,7,,pl_deepseek_pro,5
6,4,5,3,,ds_batch,,assistant_demo_v1,0,AI自动标注 - 响应长度: 63字符,,3,,ceval-013,4,,pl_deepseek_flash,5
6,1,3,3,,ds_batch,,assistant_demo_v1,0,AI自动标注 - 响应长度: 10字符,,1,,ceval-013,1,,pl_deepseek_pro,5
6,4,5,3,,ds_batch,,assistant_demo_v1,0,AI自动标注 - 响应长度: 51字符,,3,,ceval-014,4,,pl_deepseek_flash,5
6,4,5,3,,ds_batch,,assistant_demo_v1,0,AI自动标注 - 响应长度: 63字符,,4,,ceval-014,4,,pl_deepseek_pro,5
6,3,4,3,,ds_batch,,assistant_demo_v1,0,AI自动标注 - 响应长度: 36字符,,3,,ceval-015,3,,pl_deepseek_flash,5
7,8,5,3,,ds_batch,,assistant_demo_v1,0,AI自动标注 - 响应长度: 298字符,,9,,ceval-015,7,,pl_deepseek_pro,5
6,4,6,3,,ds_batch,,assistant_demo_v1,0,AI自动标注 - 响应长度: 73字符,,3,,ceval-016,4,,pl_deepseek_flash,5
6,4,6,3,,ds_batch,,assistant_demo_v1,0,AI自动标注 - 响应长度: 62字符,,4,,ceval-016,4,,pl_deepseek_pro,5
6,6,5,3,,ds_batch,,assistant_demo_v1,0,AI自动标注 - 响应长度: 169字符,,4,,ceval-017,6,,pl_deepseek_flash,5
7,7,6,3,,ds_batch,,assistant_demo_v1,0,AI自动标注 - 响应长度: 304字符,,8,,ceval-017,7,,pl_deepseek_pro,5
6,6,6,3,,ds_batch,,assistant_demo_v1,0,AI自动标注 - 响应长度: 152字符,,3,,ceval-018,6,,pl_deepseek_flash,5
7,7,6,3,,ds_batch,,assistant_demo_v1,0,AI自动标注 - 响应长度: 261字符,,8,,ceval-018,7,,pl_deepseek_pro,5
6,5,5,3,,ds_batch,,assistant_demo_v1,0,AI自动标注 - 响应长度: 109字符,,4,,ceval-019,5,,pl_deepseek_flash,5
6,5,5,3,,ds_batch,,assistant_demo_v1,0,AI自动标注 - 响应长度: 147字符,,4,,ceval-019,5,,pl_deepseek_pro,5
6,5,5,3,,ds_batch,,assistant_demo_v1,0,AI自动标注 - 响应长度: 102字符,,3,,ceval-020,5,,pl_deepseek_flash,5
7,8,5,3,,ds_batch,,assistant_demo_v1,0,AI自动标注 - 响应长度: 216字符,,8,,ceval-020,7,,pl_deepseek_pro,5
6,2,6,3,,ds_batch,,assistant_demo_v1,0,AI自动标注 - 响应长度: 27字符,,2,,ceval-021,2,,pl_deepseek_flash,5
6,1,3,3,,ds_batch,,assistant_demo_v1,0,AI自动标注 - 响应长度: 1字符,,1,,ceval-021,1,,pl_deepseek_pro,5
6,5,5,3,,ds_batch,,assistant_demo_v1,0,AI自动标注 - 响应长度: 124字符,,4,,ceval-022,5,,pl_deepseek_flash,5
7,8,5,3,,ds_batch,,assistant_demo_v1,0,AI自动标注 - 响应长度: 224字符,,8,,ceval-022,7,,pl_deepseek_pro,5
6,6,5,3,,ds_batch,,assistant_demo_v1,0,AI自动标注 - 响应长度: 156字符,,4,,ceval-023,6,,pl_deepseek_flash,5
6,6,5,3,,ds_batch,,assistant_demo_v1,0,AI自动标注 - 响应长度: 199字符,,4,,ceval-023,6,,pl_deepseek_pro,5
7,8,5,3,,ds_batch,,assistant_demo_v1,0,AI自动标注 - 响应长度: 328字符,,8,,ceval-024,7,,pl_deepseek_flash,5
7,8,5,3,,ds_batch,,assistant_demo_v1,0,AI自动标注 - 响应长度: 361字符,,8,,ceval-024,7,,pl_deepseek_pro,5
7,8,5,3,,ds_batch,,assistant_demo_v1,0,AI自动标注 - 响应长度: 241字符,,7,,ceval-025,7,,pl_deepseek_flash,5
7,7,6,3,,ds_batch,,assistant_demo_v1,0,AI自动标注 - 响应长度: 272字符,,8,,ceval-025,7,,pl_deepseek_pro,5
6,5,5,3,,ds_batch,,assistant_demo_v1,1,AI自动标注 - 响应长度: 124字符,,4,,ceval-026,5,,pl_deepseek_flash,5
7,8,5,3,,ds_batch,,assistant_demo_v1,1,AI自动标注 - 响应长度: 392字符,,10,,ceval-026,7,,pl_deepseek_pro,5
6,2,4,3,,ds_batch,,assistant_demo_v1,0,AI自动标注 - 响应长度: 29字符,,2,,ceval-027,2,,pl_deepseek_flash,5
6,5,5,3,,ds_batch,,assistant_demo_v1,0,AI自动标注 - 响应长度: 141字符,,6,,ceval-027,5,,pl_deepseek_pro,5
6,1,3,3,,ds_batch,,assistant_demo_v1,0,AI自动标注 - 响应长度: 7字符,,1,,ceval-028,1,,pl_deepseek_flash,5
6,4,5,3,,ds_batch,,assistant_demo_v1,0,AI自动标注 - 响应长度: 99字符,,4,,ceval-028,4,,pl_deepseek_pro,5
6,6,5,3,,ds_batch,,assistant_demo_v1,0,AI自动标注 - 响应长度: 151字符,,4,,ceval-029,6,,pl_deepseek_flash,5
6,5,5,3,,ds_batch,,assistant_demo_v1,0,AI自动标注 - 响应长度: 143字符,,4,,ceval-029,5,,pl_deepseek_pro,5
6,4,5,3,,ds_batch,,assistant_demo_v1,0,AI自动标注 - 响应长度: 56字符,,3,,ceval-030,4,,pl_deepseek_flash,5
6,6,5,3,,ds_batch,,assistant_demo_v1,0,AI自动标注 - 响应长度: 195字符,,4,,ceval-030,6,,pl_deepseek_pro,5
6,5,5,3,,ds_batch,,assistant_demo_v1,0,AI自动标注 - 响应长度: 121字符,,4,,ceval-031,5,,pl_deepseek_flash,5
6,5,5,3,,ds_batch,,assistant_demo_v1,0,AI自动标注 - 响应长度: 109字符,,4,,ceval-031,5,,pl_deepseek_pro,5
6,4,5,3,,ds_batch,,assistant_demo_v1,0,AI自动标注 - 响应长度: 44字符,,4,,ceval-032,4,,pl_deepseek_flash,5
6,4,5,3,,ds_batch,,assistant_demo_v1,0,AI自动标注 - 响应长度: 72字符,,4,,ceval-033,4,,pl_deepseek_flash,5
6,3,4,3,,ds_batch,,assistant_demo_v1,0,AI自动标注 - 响应长度: 33字符,,3,,ceval-033,3,,pl_deepseek_pro,5
6,5,5,3,,ds_batch,,assistant_demo_v1,0,AI自动标注 - 响应长度: 148字符,,4,,ceval-034,5,,pl_deepseek_flash,5
6,6,5,3,,ds_batch,,assistant_demo_v1,0,AI自动标注 - 响应长度: 173字符,,3,,ceval-034,6,,pl_deepseek_pro,5
6,4,5,3,,ds_batch,,assistant_demo_v1,0,AI自动标注 - 响应长度: 44字符,,4,,ceval-035,4,,pl_deepseek_flash,5
6,5,5,3,,ds_batch,,assistant_demo_v1,0,AI自动标注 - 响应长度: 106字符,,3,,ceval-035,5,,pl_deepseek_pro,5
6,4,5,3,,ds_batch,,assistant_demo_v1,0,AI自动标注 - 响应长度: 78字符,,3,,ceval-036,4,,pl_deepseek_flash,5
6,4,5,3,,ds_batch,,assistant_demo_v1,0,AI自动标注 - 响应长度: 75字符,,4,,ceval-036,4,,pl_deepseek_pro,5
6,1,3,3,,ds_batch,,assistant_demo_v1,0,AI自动标注 - 响应长度: 13字符,,1,,ceval-037,1,,pl_deepseek_flash,5
7,8,5,3,,ds_batch,,assistant_demo_v1,0,AI自动标注 - 响应长度: 283字符,,8,,ceval-037,7,,pl_deepseek_pro,5
6,3,4,3,,ds_batch,,assistant_demo_v1,0,AI自动标注 - 响应长度: 38字符,,3,,ceval-038,3,,pl_deepseek_flash,5
7,8,5,3,,ds_batch,,assistant_demo_v1,0,AI自动标注 - 响应长度: 207字符,,8,,ceval-038,7,,pl_deepseek_pro,5
6,4,5,3,,ds_batch,,assistant_demo_v1,0,AI自动标注 - 响应长度: 87字符,,3,,ceval-039,4,,pl_deepseek_flash,5
6,5,5,3,,ds_batch,,assistant_demo_v1,0,AI自动标注 - 响应长度: 122字符,,3,,ceval-039,5,,pl_deepseek_pro,5
6,4,5,3,,ds_batch,,assistant_demo_v1,0,AI自动标注 - 响应长度: 48字符,,4,,ceval-040,4,,pl_deepseek_flash,5
6,6,5,3,,ds_batch,,assistant_demo_v1,0,AI自动标注 - 响应长度: 179字符,,5,,ceval-040,6,,pl_deepseek_pro,5
6,1,3,3,,ds_batch,,assistant_demo_v1,0,AI自动标注 - 响应长度: 4字符,,1,,ceval-041,1,,pl_deepseek_flash,5
6,4,5,3,,ds_batch,,assistant_demo_v1,0,AI自动标注 - 响应长度: 68字符,,4,,ceval-041,4,,pl_deepseek_pro,5
6,3,4,3,,ds_batch,,assistant_demo_v1,0,AI自动标注 - 响应长度: 34字符,,3,,ceval-042,3,,pl_deepseek_flash,5
6,3,4,3,,ds_batch,,assistant_demo_v1,0,AI自动标注 - 响应长度: 31字符,,3,,ceval-042,3,,pl_deepseek_pro,5
6,1,3,3,,ds_batch,,assistant_demo_v1,0,AI自动标注 - 响应长度: 6字符,,1,,ceval-043,1,,pl_deepseek_flash,5
6,1,3,3,,ds_batch,,assistant_demo_v1,0,AI自动标注 - 响应长度: 6字符,,1,,ceval-043,1,,pl_deepseek_pro,5
6,1,3,3,,ds_batch,,assistant_demo_v1,0,AI自动标注 - 响应长度: 11字符,,1,,ceval-044,1,,pl_deepseek_flash,5
6,4,5,3,,ds_batch,,assistant_demo_v1,0,AI自动标注 - 响应长度: 73字符,,3,,ceval-044,4,,pl_deepseek_pro,5
6,3,4,3,,ds_batch,,assistant_demo_v1,0,AI自动标注 - 响应长度: 37字符,,3,,ceval-045,3,,pl_deepseek_flash,5
6,6,5,3,,ds_batch,,assistant_demo_v1,0,AI自动标注 - 响应长度: 179字符,,5,,ceval-045,6,,pl_deepseek_pro,5
6,5,5,3,,ds_batch,,assistant_demo_v1,0,AI自动标注 - 响应长度: 135字符,,4,,cmmlu-001,5,,pl_deepseek_flash,5
6,5,5,3,,ds_batch,,assistant_demo_v1,0,AI自动标注 - 响应长度: 140字符,,4,,cmmlu-001,5,,pl_deepseek_pro,5
6,4,5,3,,ds_batch,,assistant_demo_v1,0,AI自动标注 - 响应长度: 49字符,,4,,cmmlu-002,4,,pl_deepseek_flash,5
6,5,5,3,,ds_batch,,assistant_demo_v1,0,AI自动标注 - 响应长度: 124字符,,4,,cmmlu-002,5,,pl_deepseek_pro,5
6,4,5,3,,ds_batch,,assistant_demo_v1,0,AI自动标注 - 响应长度: 58字符,,3,,cmmlu-003,4,,pl_deepseek_flash,5
6,5,5,3,,ds_batch,,assistant_demo_v1,0,AI自动标注 - 响应长度: 130字符,,4,,cmmlu-003,5,,pl_deepseek_pro,5
6,2,4,3,,ds_batch,,assistant_demo_v1,0,AI自动标注 - 响应长度: 22字符,,2,,cmmlu-004,2,,pl_deepseek_flash,5
6,4,5,3,,ds_batch,,assistant_demo_v1,0,AI自动标注 - 响应长度: 47字符,,4,,cmmlu-004,4,,pl_deepseek_pro,5
6,4,5,3,,ds_batch,,assistant_demo_v1,0,AI自动标注 - 响应长度: 49字符,,4,,cmmlu-005,4,,pl_deepseek_flash,5
6,5,5,3,,ds_batch,,assistant_demo_v1,0,AI自动标注 - 响应长度: 121字符,,3,,cmmlu-005,5,,pl_deepseek_pro,5
6,4,5,3,,ds_batch,,assistant_demo_v1,0,AI自动标注 - 响应长度: 46字符,,4,,cmmlu-006,4,,pl_deepseek_flash,5
6,4,5,3,,ds_batch,,assistant_demo_v1,0,AI自动标注 - 响应长度: 54字符,,4,,cmmlu-006,4,,pl_deepseek_pro,5
6,4,5,3,,ds_batch,,assistant_demo_v1,0,AI自动标注 - 响应长度: 90字符,,3,,cmmlu-007,4,,pl_deepseek_flash,5
6,4,5,3,,ds_batch,,assistant_demo_v1,0,AI自动标注 - 响应长度: 47字符,,4,,cmmlu-008,4,,pl_deepseek_flash,5
6,5,5,3,,ds_batch,,assistant_demo_v1,0,AI自动标注 - 响应长度: 107字符,,3,,cmmlu-008,5,,pl_deepseek_pro,5
6,4,5,3,,ds_batch,,assistant_demo_v1,0,AI自动标注 - 响应长度: 51字符,,3,,cmmlu-009,4,,pl_deepseek_flash,5
6,5,5,3,,ds_batch,,assistant_demo_v1,0,AI自动标注 - 响应长度: 137字符,,5,,cmmlu-009,5,,pl_deepseek_pro,5
6,2,4,3,,ds_batch,,assistant_demo_v1,0,AI自动标注 - 响应长度: 22字符,,2,,cmmlu-010,2,,pl_deepseek_flash,5
6,1,3,3,,ds_batch,,assistant_demo_v1,0,AI自动标注 - 响应长度: 4字符,,1,,cmmlu-010,1,,pl_deepseek_pro,5
6,4,5,3,,ds_batch,,assistant_demo_v1,0,AI自动标注 - 响应长度: 47字符,,4,,cmmlu-011,4,,pl_deepseek_flash,5
6,4,5,3,,ds_batch,,assistant_demo_v1,0,AI自动标注 - 响应长度: 64字符,,4,,cmmlu-011,4,,pl_deepseek_pro,5
6,3,4,3,,ds_batch,,assistant_demo_v1,0,AI自动标注 - 响应长度: 38字符,,3,,cmmlu-012,3,,pl_deepseek_flash,5
6,4,5,3,,ds_batch,,assistant_demo_v1,0,AI自动标注 - 响应长度: 78字符,,4,,cmmlu-012,4,,pl_deepseek_pro,5
6,2,4,3,,ds_batch,,assistant_demo_v1,0,AI自动标注 - 响应长度: 25字符,,2,,cmmlu-013,2,,pl_deepseek_flash,5
6,4,5,3,,ds_batch,,assistant_demo_v1,0,AI自动标注 - 响应长度: 70字符,,3,,cmmlu-013,4,,pl_deepseek_pro,5
6,3,4,3,,ds_batch,,assistant_demo_v1,0,AI自动标注 - 响应长度: 32字符,,3,,cmmlu-014,3,,pl_deepseek_flash,5
6,2,4,3,,ds_batch,,assistant_demo_v1,0,AI自动标注 - 响应长度: 22字符,,2,,cmmlu-014,2,,pl_deepseek_pro,5
6,3,4,3,,ds_batch,,assistant_demo_v1,0,AI自动标注 - 响应长度: 37字符,,3,,cmmlu-015,3,,pl_deepseek_flash,5
6,4,5,3,,ds_batch,,assistant_demo_v1,0,AI自动标注 - 响应长度: 66字符,,4,,cmmlu-015,4,,pl_deepseek_pro,5
6,1,3,3,,ds_batch,,assistant_demo_v1,0,AI自动标注 - 响应长度: 3字符,,1,,cmmlu-016,1,,pl_deepseek_flash,5
6,6,5,3,,ds_batch,,assistant_demo_v1,0,AI自动标注 - 响应长度: 160字符,,4,,cmmlu-016,6,,pl_deepseek_pro,5
6,5,5,3,,ds_batch,,assistant_demo_v1,1,AI自动标注 - 响应长度: 119字符,,3,,cmmlu-017,5,,pl_deepseek_flash,5
6,6,5,3,,ds_batch,,assistant_demo_v1,1,AI自动标注 - 响应长度: 197字符,,5,,cmmlu-017,6,,pl_deepseek_pro,5
6,3,4,3,,ds_batch,,assistant_demo_v1,0,AI自动标注 - 响应长度: 34字符,,3,,cmmlu-018,3,,pl_deepseek_flash,5
6,4,5,3,,ds_batch,,assistant_demo_v1,0,AI自动标注 - 响应长度: 48字符,,4,,cmmlu-018,4,,pl_deepseek_pro,5
6,4,5,3,,ds_batch,,assistant_demo_v1,0,AI自动标注 - 响应长度: 93字符,,4,,cmmlu-019,4,,pl_deepseek_flash,5
6,2,4,3,,ds_batch,,assistant_demo_v1,0,AI自动标注 - 响应长度: 24字符,,2,,cmmlu-020,2,,pl_deepseek_flash,5
6,3,4,3,,ds_batch,,assistant_demo_v1,0,AI自动标注 - 响应长度: 32字符,,3,,cmmlu-020,3,,pl_deepseek_pro,5
6,3,4,3,,ds_batch,,assistant_demo_v1,0,AI自动标注 - 响应长度: 36字符,,3,,cmmlu-021,3,,pl_deepseek_flash,5
6,4,5,3,,ds_batch,,assistant_demo_v1,0,AI自动标注 - 响应长度: 95字符,,4,,cmmlu-021,4,,pl_deepseek_pro,5
6,4,5,3,,ds_batch,,assistant_demo_v1,0,AI自动标注 - 响应长度: 46字符,,4,,cmmlu-022,4,,pl_deepseek_flash,5
6,4,5,3,,ds_batch,,assistant_demo_v1,0,AI自动标注 - 响应长度: 67字符,,3,,cmmlu-022,4,,pl_deepseek_pro,5
6,4,5,3,,ds_batch,,assistant_demo_v1,0,AI自动标注 - 响应长度: 91字符,,3,,cmmlu-023,4,,pl_deepseek_flash,5
6,4,5,3,,ds_batch,,assistant_demo_v1,0,AI自动标注 - 响应长度: 92字符,,3,,cmmlu-023,4,,pl_deepseek_pro,5
6,2,4,3,,ds_batch,,assistant_demo_v1,0,AI自动标注 - 响应长度: 24字符,,2,,cmmlu-024,2,,pl_deepseek_flash,5
6,6,5,3,,ds_batch,,assistant_demo_v1,0,AI自动标注 - 响应长度: 152字符,,7,,cmmlu-024,6,,pl_deepseek_pro,5
6,4,5,3,,ds_batch,,assistant_demo_v1,0,AI自动标注 - 响应长度: 81字符,,4,,cmmlu-025,4,,pl_deepseek_pro,5
6,5,5,3,,ds_batch,,assistant_demo_v1,0,AI自动标注 - 响应长度: 114字符,,4,,cmmlu-026,5,,pl_deepseek_flash,5
7,8,5,3,,ds_batch,,assistant_demo_v1,0,AI自动标注 - 响应长度: 267字符,,9,,cmmlu-026,7,,pl_deepseek_pro,5
6,6,6,3,,ds_batch,,assistant_demo_v1,0,AI自动标注 - 响应长度: 151字符,,4,,cmmlu-027,6,,pl_deepseek_flash,5
6,5,6,3,,ds_batch,,assistant_demo_v1,0,AI自动标注 - 响应长度: 143字符,,4,,cmmlu-027,5,,pl_deepseek_pro,5
6,3,4,3,,ds_batch,,assistant_demo_v1,0,AI自动标注 - 响应长度: 30字符,,3,,cmmlu-028,3,,pl_deepseek_flash,5
6,4,5,3,,ds_batch,,assistant_demo_v1,0,AI自动标注 - 响应长度: 69字符,,4,,cmmlu-028,4,,pl_deepseek_pro,5
6,4,5,3,,ds_batch,,assistant_demo_v1,0,AI自动标注 - 响应长度: 83字符,,3,,cmmlu-029,4,,pl_deepseek_flash,5
7,8,5,3,,ds_batch,,assistant_demo_v1,0,AI自动标注 - 响应长度: 287字符,,8,,cmmlu-029,7,,pl_deepseek_pro,5
6,1,3,3,,ds_batch,,assistant_demo_v1,0,AI自动标注 - 响应长度: 11字符,,1,,cmmlu-030,1,,pl_deepseek_flash,5
6,5,5,3,,ds_batch,,assistant_demo_v1,0,AI自动标注 - 响应长度: 103字符,,5,,cmmlu-030,5,,pl_deepseek_pro,5
6,4,5,3,,ds_batch,,assistant_demo_v1,0,AI自动标注 - 响应长度: 68字符,,3,,cmmlu-031,4,,pl_deepseek_flash,5
6,4,5,3,,ds_batch,,assistant_demo_v1,0,AI自动标注 - 响应长度: 76字符,,5,,cmmlu-031,4,,pl_deepseek_pro,5
6,4,5,3,,ds_batch,,assistant_demo_v1,0,AI自动标注 - 响应长度: 44字符,,4,,cmmlu-032,4,,pl_deepseek_flash,5
6,5,5,3,,ds_batch,,assistant_demo_v1,0,AI自动标注 - 响应长度: 141字符,,3,,cmmlu-032,5,,pl_deepseek_pro,5
6,4,5,3,,ds_batch,,assistant_demo_v1,0,AI自动标注 - 响应长度: 49字符,,4,,cmmlu-033,4,,pl_deepseek_flash,5
6,4,5,3,,ds_batch,,assistant_demo_v1,0,AI自动标注 - 响应长度: 66字符,,4,,cmmlu-033,4,,pl_deepseek_pro,5
6,4,5,3,,ds_batch,,assistant_demo_v1,0,AI自动标注 - 响应长度: 61字符,,3,,cmmlu-034,4,,pl_deepseek_flash,5
7,8,5,3,,ds_batch,,assistant_demo_v1,0,AI自动标注 - 响应长度: 243字符,,9,,cmmlu-034,7,,pl_deepseek_pro,5
6,4,5,3,,ds_batch,,assistant_demo_v1,0,AI自动标注 - 响应长度: 79字符,,3,,cmmlu-035,4,,pl_deepseek_flash,5
6,5,5,3,,ds_batch,,assistant_demo_v1,0,AI自动标注 - 响应长度: 144字符,,3,,cmmlu-035,5,,pl_deepseek_pro,5
6,4,5,3,,ds_batch,,assistant_demo_v1,0,AI自动标注 - 响应长度: 87字符,,3,,cmmlu-036,4,,pl_deepseek_flash,5
6,4,5,3,,ds_batch,,assistant_demo_v1,0,AI自动标注 - 响应长度: 77字符,,4,,cmmlu-036,4,,pl_deepseek_pro,5
7,8,5,3,,ds_batch,,assistant_demo_v1,0,AI自动标注 - 响应长度: 204字符,,9,,cmmlu-037,7,,pl_deepseek_flash,5
6,3,4,3,,ds_batch,,assistant_demo_v1,0,AI自动标注 - 响应长度: 32字符,,3,,cmmlu-038,3,,pl_deepseek_flash,5
6,4,5,3,,ds_batch,,assistant_demo_v1,0,AI自动标注 - 响应长度: 72字符,,4,,cmmlu-038,4,,pl_deepseek_pro,5
6,4,5,3,,ds_batch,,assistant_demo_v1,0,AI自动标注 - 响应长度: 43字符,,4,,cmmlu-039,4,,pl_deepseek_flash,5
6,4,5,3,,ds_batch,,assistant_demo_v1,0,AI自动标注 - 响应长度: 58字符,,4,,cmmlu-039,4,,pl_deepseek_pro,5
6,1,3,3,,ds_batch,,assistant_demo_v1,0,AI自动标注 - 响应长度: 5字符,,1,,cmmlu-040,1,,pl_deepseek_flash,5
6,4,5,3,,ds_batch,,assistant_demo_v1,0,AI自动标注 - 响应长度: 76字符,,3,,cmmlu-040,4,,pl_deepseek_pro,5
6,4,5,3,,ds_batch,,assistant_demo_v1,0,AI自动标注 - 响应长度: 82字符,,3,,cmmlu-041,4,,pl_deepseek_flash,5
7,8,5,3,,ds_batch,,assistant_demo_v1,0,AI自动标注 - 响应长度: 267字符,,9,,cmmlu-041,7,,pl_deepseek_pro,5
6,5,5,3,,ds_batch,,assistant_demo_v1,0,AI自动标注 - 响应长度: 134字符,,3,,cmmlu-042,5,,pl_deepseek_flash,5
7,8,5,3,,ds_batch,,assistant_demo_v1,0,AI自动标注 - 响应长度: 202字符,,7,,cmmlu-042,7,,pl_deepseek_pro,5
6,3,4,3,,ds_batch,,assistant_demo_v1,0,AI自动标注 - 响应长度: 36字符,,3,,cmmlu-043,3,,pl_deepseek_flash,5
6,5,5,3,,ds_batch,,assistant_demo_v1,0,AI自动标注 - 响应长度: 112字符,,3,,cmmlu-043,5,,pl_deepseek_pro,5
6,4,5,3,,ds_batch,,assistant_demo_v1,0,AI自动标注 - 响应长度: 81字符,,3,,cmmlu-044,4,,pl_deepseek_flash,5
6,5,5,3,,ds_batch,,assistant_demo_v1,0,AI自动标注 - 响应长度: 119字符,,4,,cmmlu-044,5,,pl_deepseek_pro,5
6,1,3,3,,ds_batch,,assistant_demo_v1,0,AI自动标注 - 响应长度: 8字符,,1,,cmmlu-045,1,,pl_deepseek_flash,5
7,8,5,3,,ds_batch,,assistant_demo_v1,0,AI自动标注 - 响应长度: 314字符,,9,,cmmlu-045,7,,pl_deepseek_pro,5
22,8,5,10,,ds_batch,,assistant_demo_v1,1,AI自动标注 - 响应长度: 387字符,,8,,code-001,7,,pl_deepseek_flash,20
22,9,5,10,,ds_batch,,assistant_demo_v1,0,AI自动标注 - 响应长度: 432字符,,9,,code-001,8,,pl_deepseek_pro,20
23,10,5,10,,ds_batch,,assistant_demo_v1,0,AI自动标注 - 响应长度: 609字符,,10,,code-002,9,,pl_deepseek_flash,20
23,10,5,10,,ds_batch,,assistant_demo_v1,0,AI自动标注 - 响应长度: 633字符,,9,,code-002,9,,pl_deepseek_pro,20
23,9,5,10,,ds_batch,,assistant_demo_v1,0,AI自动标注 - 响应长度: 598字符,,10,,code-003,8,,pl_deepseek_flash,20
23,10,5,10,,ds_batch,,assistant_demo_v1,0,AI自动标注 - 响应长度: 791字符,,10,,code-003,9,,pl_deepseek_pro,20
21,5,5,10,,ds_batch,,assistant_demo_v1,0,AI自动标注 - 响应长度: 145字符,,3,,code-004,5,,pl_deepseek_flash,20
23,10,5,10,,ds_batch,,assistant_demo_v1,0,AI自动标注 - 响应长度: 716字符,,10,,code-004,9,,pl_deepseek_pro,20
23,10,5,10,,ds_batch,,assistant_demo_v1,0,AI自动标注 - 响应长度: 909字符,,10,,code-005,9,,pl_deepseek_flash,20
23,10,5,10,,ds_batch,,assistant_demo_v1,0,AI自动标注 - 响应长度: 1342字符,,10,,code-005,9,,pl_deepseek_pro,20
23,10,5,10,,ds_batch,,assistant_demo_v1,0,AI自动标注 - 响应长度: 1191字符,,10,,code-006,9,,pl_deepseek_flash,20
23,10,5,10,,ds_batch,,assistant_demo_v1,1,AI自动标注 - 响应长度: 805字符,,10,,code-006,9,,pl_deepseek_pro,20
22,9,5,10,,ds_batch,,assistant_demo_v1,1,AI自动标注 - 响应长度: 466字符,,9,,code-007,8,,pl_deepseek_flash,20
23,10,5,10,,ds_batch,,assistant_demo_v1,1,AI自动标注 - 响应长度: 663字符,,10,,code-007,9,,pl_deepseek_pro,20
22,9,5,10,,ds_batch,,assistant_demo_v1,0,AI自动标注 - 响应长度: 430字符,,9,,code-008,8,,pl_deepseek_flash,20
23,10,5,10,,ds_batch,,assistant_demo_v1,0,AI自动标注 - 响应长度: 682字符,,10,,code-008,9,,pl_deepseek_pro,20
21,5,5,10,,ds_batch,,assistant_demo_v1,0,AI自动标注 - 响应长度: 101字符,,3,,code-009,5,,pl_deepseek_flash,20
23,10,5,10,,ds_batch,,assistant_demo_v1,0,AI自动标注 - 响应长度: 688字符,,10,,code-009,9,,pl_deepseek_pro,20
21,5,5,10,,ds_batch,,assistant_demo_v1,0,AI自动标注 - 响应长度: 136字符,,3,,code-010,5,,pl_deepseek_flash,20
23,9,5,10,,ds_batch,,assistant_demo_v1,0,AI自动标注 - 响应长度: 563字符,,10,,code-010,8,,pl_deepseek_pro,20
21,8,5,10,,ds_batch,,assistant_demo_v1,0,AI自动标注 - 响应长度: 200字符,,6,,code-011,7,,pl_deepseek_flash,20
23,10,5,10,,ds_batch,,assistant_demo_v1,0,AI自动标注 - 响应长度: 801字符,,10,,code-011,9,,pl_deepseek_pro,20
22,8,5,10,,ds_batch,,assistant_demo_v1,0,AI自动标注 - 响应长度: 374字符,,8,,code-012,7,,pl_deepseek_flash,20
23,10,5,10,,ds_batch,,assistant_demo_v1,0,AI自动标注 - 响应长度: 718字符,,10,,code-012,9,,pl_deepseek_pro,20
22,9,5,10,,ds_batch,,assistant_demo_v1,0,AI自动标注 - 响应长度: 463字符,,8,,code-013,8,,pl_deepseek_flash,20
23,10,5,10,,ds_batch,,assistant_demo_v1,0,AI自动标注 - 响应长度: 844字符,,10,,code-013,9,,pl_deepseek_pro,20
23,10,5,10,,ds_batch,,assistant_demo_v1,1,AI自动标注 - 响应长度: 677字符,,10,,code-014,9,,pl_deepseek_flash,20
23,10,5,10,,ds_batch,,assistant_demo_v1,1,AI自动标注 - 响应长度: 786字符,,10,,code-014,9,,pl_deepseek_pro,20
23,10,5,10,,ds_batch,,assistant_demo_v1,0,AI自动标注 - 响应长度: 815字符,,10,,code-015,9,,pl_deepseek_flash,20
23,10,5,10,,ds_batch,,assistant_demo_v1,1,AI自动标注 - 响应长度: 1117字符,,10,,code-015,9,,pl_deepseek_pro,20
23,10,5,10,,ds_batch,,assistant_demo_v1,0,AI自动标注 - 响应长度: 1136字符,,10,,code-016,9,,pl_deepseek_flash,20
23,10,5,10,,ds_batch,,assistant_demo_v1,0,AI自动标注 - 响应长度: 1064字符,,10,,code-016,9,,pl_deepseek_pro,20
21,5,5,10,,ds_batch,,assistant_demo_v1,0,AI自动标注 - 响应长度: 122字符,,3,,code-017,5,,pl_deepseek_flash,20
22,8,5,10,,ds_batch,,assistant_demo_v1,0,AI自动标注 - 响应长度: 201字符,,7,,code-017,7,,pl_deepseek_pro,20
23,9,5,10,,ds_batch,,assistant_demo_v1,0,AI自动标注 - 响应长度: 587字符,,10,,code-018,8,,pl_deepseek_flash,20
23,10,5,10,,ds_batch,,assistant_demo_v1,0,AI自动标注 - 响应长度: 751字符,,10,,code-018,9,,pl_deepseek_pro,20
22,7,6,10,,ds_batch,,assistant_demo_v1,0,AI自动标注 - 响应长度: 443字符,,10,,code-019,8,,pl_deepseek_flash,20
23,7,6,10,,ds_batch,,assistant_demo_v1,1,AI自动标注 - 响应长度: 1583字符,,10,,code-019,9,,pl_deepseek_pro,20
23,10,5,10,,ds_batch,,assistant_demo_v1,0,AI自动标注 - 响应长度: 1239字符,,10,,code-020,9,,pl_deepseek_flash,20
23,10,5,10,,ds_batch,,assistant_demo_v1,0,AI自动标注 - 响应长度: 1007字符,,10,,code-020,9,,pl_deepseek_pro,20
21,4,5,10,,ds_batch,,assistant_demo_v1,1,AI自动标注 - 响应长度: 75字符,,3,,edu-001,4,,pl_deepseek_flash,20
21,5,5,10,,ds_batch,,assistant_demo_v1,1,AI自动标注 - 响应长度: 117字符,,7,,edu-001,5,,pl_deepseek_pro,20
22,8,5,10,,ds_batch,,assistant_demo_v1,1,AI自动标注 - 响应长度: 294字符,,8,,edu-002,7,,pl_deepseek_flash,20
23,10,5,10,,ds_batch,,assistant_demo_v1,1,AI自动标注 - 响应长度: 836字符,,10,,edu-002,9,,pl_deepseek_pro,20
23,10,5,10,,ds_batch,,assistant_demo_v1,0,AI自动标注 - 响应长度: 614字符,,10,,edu-003,9,,pl_deepseek_flash,20
23,10,5,10,,ds_batch,,assistant_demo_v1,0,AI自动标注 - 响应长度: 707字符,,10,,edu-003,9,,pl_deepseek_pro,20
22,8,5,10,,ds_batch,,assistant_demo_v1,0,AI自动标注 - 响应长度: 396字符,,9,,edu-004,7,,pl_deepseek_flash,20
22,9,5,10,,ds_batch,,assistant_demo_v1,0,AI自动标注 - 响应长度: 425字符,,8,,edu-004,8,,pl_deepseek_pro,20
22,9,5,10,,ds_batch,,assistant_demo_v1,0,AI自动标注 - 响应长度: 421字符,,9,,edu-005,8,,pl_deepseek_flash,20
23,10,5,10,,ds_batch,,assistant_demo_v1,0,AI自动标注 - 响应长度: 760字符,,10,,edu-005,9,,pl_deepseek_pro,20
22,7,6,10,,ds_batch,,assistant_demo_v1,0,AI自动标注 - 响应长度: 478字符,,10,,edu-006,8,,pl_deepseek_flash,20
23,10,5,10,,ds_batch,,assistant_demo_v1,0,AI自动标注 - 响应长度: 785字符,,10,,edu-006,9,,pl_deepseek_pro,20
22,9,5,10,,ds_batch,,assistant_demo_v1,0,AI自动标注 - 响应长度: 408字符,,9,,edu-007,8,,pl_deepseek_flash,20
23,10,5,10,,ds_batch,,assistant_demo_v1,0,AI自动标注 - 响应长度: 767字符,,10,,edu-007,9,,pl_deepseek_pro,20
22,9,5,10,,ds_batch,,assistant_demo_v1,0,AI自动标注 - 响应长度: 492字符,,10,,edu-008,8,,pl_deepseek_flash,20
23,10,5,10,,ds_batch,,assistant_demo_v1,0,AI自动标注 - 响应长度: 908字符,,10,,edu-008,9,,pl_deepseek_pro,20
23,7,6,10,,ds_batch,,assistant_demo_v1,1,AI自动标注 - 响应长度: 805字符,,10,,edu-009,9,,pl_deepseek_flash,20
23,7,6,10,,ds_batch,,assistant_demo_v1,1,AI自动标注 - 响应长度: 1066字符,,10,,edu-009,9,,pl_deepseek_pro,20
23,10,5,10,,ds_batch,,assistant_demo_v1,0,AI自动标注 - 响应长度: 719字符,,10,,edu-010,9,,pl_deepseek_flash,20
23,10,5,10,,ds_batch,,assistant_demo_v1,0,AI自动标注 - 响应长度: 974字符,,10,,edu-010,9,,pl_deepseek_pro,20
23,7,6,10,,ds_batch,,assistant_demo_v1,0,AI自动标注 - 响应长度: 530字符,,9,,edu-011,8,,pl_deepseek_flash,20
23,10,5,10,,ds_batch,,assistant_demo_v1,0,AI自动标注 - 响应长度: 835字符,,10,,edu-011,9,,pl_deepseek_pro,20
22,8,5,10,,ds_batch,,assistant_demo_v1,0,AI自动标注 - 响应长度: 303字符,,8,,edu-012,7,,pl_deepseek_flash,20
23,10,5,10,,ds_batch,,assistant_demo_v1,0,AI自动标注 - 响应长度: 1125字符,,10,,edu-012,9,,pl_deepseek_pro,20
21,6,5,10,,ds_batch,,assistant_demo_v1,0,AI自动标注 - 响应长度: 151字符,,3,,edu-013,6,,pl_deepseek_flash,20
22,9,5,10,,ds_batch,,assistant_demo_v1,1,AI自动标注 - 响应长度: 419字符,,10,,edu-013,8,,pl_deepseek_pro,20
22,8,5,10,,ds_batch,,assistant_demo_v1,0,AI自动标注 - 响应长度: 288字符,,9,,edu-014,7,,pl_deepseek_flash,20
23,10,5,10,,ds_batch,,assistant_demo_v1,1,AI自动标注 - 响应长度: 682字符,,10,,edu-014,9,,pl_deepseek_pro,20
22,7,6,10,,ds_batch,,assistant_demo_v1,0,AI自动标注 - 响应长度: 415字符,,10,,edu-015,8,,pl_deepseek_flash,20
22,9,5,10,,ds_batch,,assistant_demo_v1,0,AI自动标注 - 响应长度: 449字符,,9,,edu-015,8,,pl_deepseek_pro,20
22,9,5,10,,ds_batch,,assistant_demo_v1,0,AI自动标注 - 响应长度: 457字符,,9,,edu-016,8,,pl_deepseek_flash,20
23,9,5,10,,ds_batch,,assistant_demo_v1,1,AI自动标注 - 响应长度: 589字符,,10,,edu-016,8,,pl_deepseek_pro,20
23,10,5,10,,ds_batch,,assistant_demo_v1,0,AI自动标注 - 响应长度: 671字符,,10,,edu-017,9,,pl_deepseek_flash,20
23,10,5,10,,ds_batch,,assistant_demo_v1,0,AI自动标注 - 响应长度: 1009字符,,10,,edu-017,9,,pl_deepseek_pro,20
22,7,6,10,,ds_batch,,assistant_demo_v1,1,AI自动标注 - 响应长度: 499字符,,10,,edu-018,8,,pl_deepseek_flash,20
23,7,6,10,,ds_batch,,assistant_demo_v1,1,AI自动标注 - 响应长度: 1773字符,,10,,edu-018,9,,pl_deepseek_pro,20
23,7,6,10,,ds_batch,,assistant_demo_v1,0,AI自动标注 - 响应长度: 518字符,,9,,edu-019,8,,pl_deepseek_flash,20
23,7,6,10,,ds_batch,,assistant_demo_v1,1,AI自动标注 - 响应长度: 697字符,,10,,edu-019,9,,pl_deepseek_pro,20
22,9,5,10,,ds_batch,,assistant_demo_v1,0,AI自动标注 - 响应长度: 401字符,,9,,edu-020,8,,pl_deepseek_flash,20
23,10,5,10,,ds_batch,,assistant_demo_v1,0,AI自动标注 - 响应长度: 662字符,,10,,edu-020,9,,pl_deepseek_pro,20
37,7,6,17,,ds_batch,,assistant_demo_v1,1,AI自动标注 - 响应长度: 421字符,,9,,es-001,8,,pl_deepseek_flash,35
38,7,6,17,,ds_batch,,assistant_demo_v1,0,AI自动标注 - 响应长度: 534字符,,10,,es-001,8,,pl_deepseek_pro,35
38,7,6,17,,ds_batch,,assistant_demo_v1,1,AI自动标注 - 响应长度: 835字符,,10,,es-002,9,,pl_deepseek_pro,35
38,7,6,17,,ds_batch,,assistant_demo_v1,1,AI自动标注 - 响应长度: 649字符,,10,,es-003,9,,pl_deepseek_flash,35
38,7,6,17,,ds_batch,,assistant_demo_v1,1,AI自动标注 - 响应长度: 697字符,,10,,es-003,9,,pl_deepseek_pro,35
37,7,6,17,,ds_batch,,assistant_demo_v1,0,AI自动标注 - 响应长度: 485字符,,9,,es-004,8,,pl_deepseek_flash,35
38,7,6,17,,ds_batch,,assistant_demo_v1,1,AI自动标注 - 响应长度: 966字符,,10,,es-004,9,,pl_deepseek_pro,35
37,7,6,17,,ds_batch,,assistant_demo_v1,1,AI自动标注 - 响应长度: 340字符,,8,,es-005,7,,pl_deepseek_flash,35
38,7,6,17,,ds_batch,,assistant_demo_v1,0,AI自动标注 - 响应长度: 994字符,,10,,es-005,9,,pl_deepseek_pro,35
37,7,6,17,,ds_batch,,assistant_demo_v1,1,AI自动标注 - 响应长度: 287字符,,7,,es-006,7,,pl_deepseek_flash,35
38,7,6,17,,ds_batch,,assistant_demo_v1,1,AI自动标注 - 响应长度: 917字符,,10,,es-006,9,,pl_deepseek_pro,35
37,7,6,17,,ds_batch,,assistant_demo_v1,1,AI自动标注 - 响应长度: 474字符,,10,,es-007,8,,pl_deepseek_flash,35
38,7,6,17,,ds_batch,,assistant_demo_v1,1,AI自动标注 - 响应长度: 777字符,,10,,es-007,9,,pl_deepseek_pro,35
37,7,6,17,,ds_batch,,assistant_demo_v1,0,AI自动标注 - 响应长度: 475字符,,9,,es-008,8,,pl_deepseek_flash,35
38,7,6,17,,ds_batch,,assistant_demo_v1,1,AI自动标注 - 响应长度: 1209字符,,10,,es-008,9,,pl_deepseek_pro,35
37,7,6,17,,ds_batch,,assistant_demo_v1,0,AI自动标注 - 响应长度: 493字符,,9,,es-009,8,,pl_deepseek_flash,35
37,7,6,17,,ds_batch,,assistant_demo_v1,0,AI自动标注 - 响应长度: 409字符,,8,,es-009,8,,pl_deepseek_pro,35
38,7,6,17,,ds_batch,,assistant_demo_v1,0,AI自动标注 - 响应长度: 559字符,,10,,es-010,8,,pl_deepseek_flash,35
38,7,6,17,,ds_batch,,assistant_demo_v1,0,AI自动标注 - 响应长度: 1419字符,,10,,es-010,9,,pl_deepseek_pro,35
38,7,6,17,,ds_batch,,assistant_demo_v1,0,AI自动标注 - 响应长度: 642字符,,10,,es-011,9,,pl_deepseek_flash,35
38,7,6,17,,ds_batch,,assistant_demo_v1,0,AI自动标注 - 响应长度: 797字符,,10,,es-011,9,,pl_deepseek_pro,35
38,7,6,17,,ds_batch,,assistant_demo_v1,1,AI自动标注 - 响应长度: 528字符,,10,,es-012,8,,pl_deepseek_flash,35
38,7,6,17,,ds_batch,,assistant_demo_v1,1,AI自动标注 - 响应长度: 963字符,,10,,es-012,9,,pl_deepseek_pro,35
38,7,6,17,,ds_batch,,assistant_demo_v1,0,AI自动标注 - 响应长度: 733字符,,9,,es-013,9,,pl_deepseek_flash,35
38,7,6,17,,ds_batch,,assistant_demo_v1,0,AI自动标注 - 响应长度: 825字符,,10,,es-013,9,,pl_deepseek_pro,35
37,7,6,17,,ds_batch,,assistant_demo_v1,0,AI自动标注 - 响应长度: 342字符,,8,,es-014,7,,pl_deepseek_flash,35
38,7,6,17,,ds_batch,,assistant_demo_v1,0,AI自动标注 - 响应长度: 1303字符,,10,,es-014,9,,pl_deepseek_pro,35
37,7,6,17,,ds_batch,,assistant_demo_v1,0,AI自动标注 - 响应长度: 246字符,,6,,es-015,7,,pl_deepseek_flash,35
38,7,6,17,,ds_batch,,assistant_demo_v1,0,AI自动标注 - 响应长度: 952字符,,10,,es-015,9,,pl_deepseek_pro,35
37,7,6,17,,ds_batch,,assistant_demo_v1,0,AI自动标注 - 响应长度: 480字符,,9,,es-016,8,,pl_deepseek_flash,35
38,7,6,17,,ds_batch,,assistant_demo_v1,0,AI自动标注 - 响应长度: 810字符,,10,,es-016,9,,pl_deepseek_pro,35
37,7,6,17,,ds_batch,,assistant_demo_v1,0,AI自动标注 - 响应长度: 499字符,,9,,es-017,8,,pl_deepseek_flash,35
37,7,6,17,,ds_batch,,assistant_demo_v1,0,AI自动标注 - 响应长度: 372字符,,9,,es-018,7,,pl_deepseek_flash,35
38,7,6,17,,ds_batch,,assistant_demo_v1,1,AI自动标注 - 响应长度: 978字符,,10,,es-018,9,,pl_deepseek_pro,35
36,6,6,17,,ds_batch,,assistant_demo_v1,0,AI自动标注 - 响应长度: 194字符,,4,,es-019,6,,pl_deepseek_flash,35
38,7,6,17,,ds_batch,,assistant_demo_v1,1,AI自动标注 - 响应长度: 596字符,,10,,es-019,8,,pl_deepseek_pro,35
37,7,6,17,,ds_batch,,assistant_demo_v1,1,AI自动标注 - 响应长度: 417字符,,8,,es-020,8,,pl_deepseek_flash,35
38,7,6,17,,ds_batch,,assistant_demo_v1,1,AI自动标注 - 响应长度: 1728字符,,10,,es-020,9,,pl_deepseek_pro,35
37,7,6,17,,ds_batch,,assistant_demo_v1,0,AI自动标注 - 响应长度: 233字符,,7,,es-021,7,,pl_deepseek_flash,35
37,7,6,17,,ds_batch,,assistant_demo_v1,0,AI自动标注 - 响应长度: 466字符,,10,,es-021,8,,pl_deepseek_pro,35
36,7,6,17,,ds_batch,,assistant_demo_v1,1,AI自动标注 - 响应长度: 200字符,,7,,es-022,7,,pl_deepseek_flash,35
38,7,6,17,,ds_batch,,assistant_demo_v1,1,AI自动标注 - 响应长度: 715字符,,10,,es-022,9,,pl_deepseek_pro,35
37,7,6,17,,ds_batch,,assistant_demo_v1,0,AI自动标注 - 响应长度: 268字符,,7,,es-023,7,,pl_deepseek_flash,35
38,7,6,17,,ds_batch,,assistant_demo_v1,0,AI自动标注 - 响应长度: 747字符,,10,,es-023,9,,pl_deepseek_pro,35
37,7,6,17,,ds_batch,,assistant_demo_v1,0,AI自动标注 - 响应长度: 369字符,,9,,es-024,7,,pl_deepseek_flash,35
38,7,6,17,,ds_batch,,assistant_demo_v1,0,AI自动标注 - 响应长度: 902字符,,10,,es-024,9,,pl_deepseek_pro,35
37,7,6,17,,ds_batch,,assistant_demo_v1,0,AI自动标注 - 响应长度: 352字符,,9,,es-025,7,,pl_deepseek_flash,35
38,7,6,17,,ds_batch,,assistant_demo_v1,1,AI自动标注 - 响应长度: 741字符,,10,,es-025,9,,pl_deepseek_pro,35
37,7,6,17,,ds_batch,,assistant_demo_v1,0,AI自动标注 - 响应长度: 413字符,,8,,es-026,8,,pl_deepseek_flash,35
38,7,6,17,,ds_batch,,assistant_demo_v1,0,AI自动标注 - 响应长度: 649字符,,10,,es-026,9,,pl_deepseek_pro,35
37,7,6,17,,ds_batch,,assistant_demo_v1,1,AI自动标注 - 响应长度: 252字符,,8,,es-027,7,,pl_deepseek_flash,35
38,7,6,17,,ds_batch,,assistant_demo_v1,1,AI自动标注 - 响应长度: 886字符,,10,,es-027,9,,pl_deepseek_pro,35
37,7,6,17,,ds_batch,,assistant_demo_v1,1,AI自动标注 - 响应长度: 456字符,,8,,es-028,8,,pl_deepseek_flash,35
38,7,6,17,,ds_batch,,assistant_demo_v1,0,AI自动标注 - 响应长度: 1026字符,,10,,es-028,9,,pl_deepseek_pro,35
37,7,6,17,,ds_batch,,assistant_demo_v1,0,AI自动标注 - 响应长度: 254字符,,8,,es-029,7,,pl_deepseek_flash,35
38,7,6,17,,ds_batch,,assistant_demo_v1,0,AI自动标注 - 响应长度: 881字符,,10,,es-029,9,,pl_deepseek_pro,35
37,7,6,17,,ds_batch,,assistant_demo_v1,0,AI自动标注 - 响应长度: 235字符,,7,,es-030,7,,pl_deepseek_flash,35
38,7,6,17,,ds_batch,,assistant_demo_v1,0,AI自动标注 - 响应长度: 564字符,,10,,es-030,8,,pl_deepseek_pro,35
37,7,6,17,,ds_batch,,assistant_demo_v1,1,AI自动标注 - 响应长度: 405字符,,8,,es-031,8,,pl_deepseek_flash,35
38,7,6,17,,ds_batch,,assistant_demo_v1,1,AI自动标注 - 响应长度: 609字符,,10,,es-031,9,,pl_deepseek_pro,35
37,7,6,17,,ds_batch,,assistant_demo_v1,0,AI自动标注 - 响应长度: 203字符,,6,,es-032,7,,pl_deepseek_flash,35
37,7,6,17,,ds_batch,,assistant_demo_v1,0,AI自动标注 - 响应长度: 413字符,,8,,es-032,8,,pl_deepseek_pro,35
37,7,6,17,,ds_batch,,assistant_demo_v1,0,AI自动标注 - 响应长度: 480字符,,9,,es-033,8,,pl_deepseek_flash,35
38,7,6,17,,ds_batch,,assistant_demo_v1,0,AI自动标注 - 响应长度: 762字符,,10,,es-033,9,,pl_deepseek_pro,35
37,7,6,17,,ds_batch,,assistant_demo_v1,1,AI自动标注 - 响应长度: 413字符,,9,,es-034,8,,pl_deepseek_flash,35
38,7,6,17,,ds_batch,,assistant_demo_v1,0,AI自动标注 - 响应长度: 944字符,,10,,es-034,9,,pl_deepseek_pro,35
38,7,6,17,,ds_batch,,assistant_demo_v1,0,AI自动标注 - 响应长度: 507字符,,10,,es-035,8,,pl_deepseek_flash,35
38,7,6,17,,ds_batch,,assistant_demo_v1,0,AI自动标注 - 响应长度: 528字符,,10,,es-035,8,,pl_deepseek_pro,35
37,7,6,17,,ds_batch,,assistant_demo_v1,0,AI自动标注 - 响应长度: 386字符,,8,,es-036,7,,pl_deepseek_flash,35
38,7,6,17,,ds_batch,,assistant_demo_v1,1,AI自动标注 - 响应长度: 673字符,,10,,es-036,9,,pl_deepseek_pro,35
37,7,6,17,,ds_batch,,assistant_demo_v1,0,AI自动标注 - 响应长度: 464字符,,10,,es-037,8,,pl_deepseek_flash,35
38,7,6,17,,ds_batch,,assistant_demo_v1,1,AI自动标注 - 响应长度: 713字符,,10,,es-037,9,,pl_deepseek_pro,35
37,7,6,17,,ds_batch,,assistant_demo_v1,0,AI自动标注 - 响应长度: 350字符,,9,,es-038,7,,pl_deepseek_flash,35
37,7,6,17,,ds_batch,,assistant_demo_v1,0,AI自动标注 - 响应长度: 467字符,,7,,es-038,8,,pl_deepseek_pro,35
37,7,6,17,,ds_batch,,assistant_demo_v1,1,AI自动标注 - 响应长度: 459字符,,8,,es-039,8,,pl_deepseek_flash,35
38,7,6,17,,ds_batch,,assistant_demo_v1,1,AI自动标注 - 响应长度: 1026字符,,10,,es-039,9,,pl_deepseek_pro,35
37,7,6,17,,ds_batch,,assistant_demo_v1,0,AI自动标注 - 响应长度: 215字符,,7,,es-040,7,,pl_deepseek_flash,35
38,7,6,17,,ds_batch,,assistant_demo_v1,0,AI自动标注 - 响应长度: 558字符,,10,,es-040,8,,pl_deepseek_pro,35
37,7,6,17,,ds_batch,,assistant_demo_v1,0,AI自动标注 - 响应长度: 286字符,,7,,es-041,7,,pl_deepseek_flash,35
38,7,6,17,,ds_batch,,assistant_demo_v1,0,AI自动标注 - 响应长度: 988字符,,10,,es-041,9,,pl_deepseek_pro,35
37,7,6,17,,ds_batch,,assistant_demo_v1,1,AI自动标注 - 响应长度: 430字符,,10,,es-042,8,,pl_deepseek_flash,35
37,7,6,17,,ds_batch,,assistant_demo_v1,0,AI自动标注 - 响应长度: 437字符,,9,,es-042,8,,pl_deepseek_pro,35
37,7,6,17,,ds_batch,,assistant_demo_v1,0,AI自动标注 - 响应长度: 231字符,,7,,es-043,7,,pl_deepseek_flash,35
37,7,6,17,,ds_batch,,assistant_demo_v1,0,AI自动标注 - 响应长度: 350字符,,9,,es-043,7,,pl_deepseek_pro,35
37,7,6,17,,ds_batch,,assistant_demo_v1,1,AI自动标注 - 响应长度: 334字符,,8,,es-044,7,,pl_deepseek_flash,35
38,7,6,17,,ds_batch,,assistant_demo_v1,0,AI自动标注 - 响应长度: 520字符,,10,,es-044,8,,pl_deepseek_pro,35
36,6,6,17,,ds_batch,,assistant_demo_v1,0,AI自动标注 - 响应长度: 162字符,,4,,es-045,6,,pl_deepseek_flash,35
37,7,6,17,,ds_batch,,assistant_demo_v1,1,AI自动标注 - 响应长度: 344字符,,7,,es-045,7,,pl_deepseek_pro,35
38,7,6,17,,ds_batch,,assistant_demo_v1,0,AI自动标注 - 响应长度: 666字符,,10,,es-046,9,,pl_deepseek_flash,35
38,7,6,17,,ds_batch,,assistant_demo_v1,0,AI自动标注 - 响应长度: 765字符,,10,,es-046,9,,pl_deepseek_pro,35
37,7,6,17,,ds_batch,,assistant_demo_v1,0,AI自动标注 - 响应长度: 377字符,,8,,es-047,7,,pl_deepseek_flash,35
37,7,6,17,,ds_batch,,assistant_demo_v1,0,AI自动标注 - 响应长度: 438字符,,9,,es-047,8,,pl_deepseek_pro,35
38,7,6,17,,ds_batch,,assistant_demo_v1,0,AI自动标注 - 响应长度: 686字符,,10,,es-048,9,,pl_deepseek_flash,35
38,7,6,17,,ds_batch,,assistant_demo_v1,0,AI自动标注 - 响应长度: 1013字符,,10,,es-048,9,,pl_deepseek_pro,35
37,7,6,17,,ds_batch,,assistant_demo_v1,1,AI自动标注 - 响应长度: 328字符,,8,,es-049,7,,pl_deepseek_flash,35
38,7,6,17,,ds_batch,,assistant_demo_v1,0,AI自动标注 - 响应长度: 751字符,,10,,es-049,9,,pl_deepseek_pro,35
37,7,6,17,,ds_batch,,assistant_demo_v1,0,AI自动标注 - 响应长度: 321字符,,8,,es-050,7,,pl_deepseek_flash,35
38,7,6,17,,ds_batch,,assistant_demo_v1,1,AI自动标注 - 响应长度: 638字符,,9,,es-050,9,,pl_deepseek_pro,35
37,7,6,17,,ds_batch,,assistant_demo_v1,0,AI自动标注 - 响应长度: 227字符,,7,,es-051,7,,pl_deepseek_flash,35
37,7,6,17,,ds_batch,,assistant_demo_v1,0,AI自动标注 - 响应长度: 241字符,,7,,es-051,7,,pl_deepseek_pro,35
37,7,6,17,,ds_batch,,assistant_demo_v1,0,AI自动标注 - 响应长度: 318字符,,9,,es-052,7,,pl_deepseek_flash,35
38,7,6,17,,ds_batch,,assistant_demo_v1,0,AI自动标注 - 响应长度: 1001字符,,10,,es-052,9,,pl_deepseek_pro,35
37,7,6,17,,ds_batch,,assistant_demo_v1,0,AI自动标注 - 响应长度: 245字符,,7,,es-053,7,,pl_deepseek_flash,35
38,7,6,17,,ds_batch,,assistant_demo_v1,0,AI自动标注 - 响应长度: 809字符,,10,,es-053,9,,pl_deepseek_pro,35
38,7,6,17,,ds_batch,,assistant_demo_v1,1,AI自动标注 - 响应长度: 505字符,,9,,es-054,8,,pl_deepseek_flash,35
38,7,6,17,,ds_batch,,assistant_demo_v1,0,AI自动标注 - 响应长度: 1511字符,,10,,es-054,9,,pl_deepseek_pro,35
37,7,6,17,,ds_batch,,assistant_demo_v1,0,AI自动标注 - 响应长度: 424字符,,8,,es-055,8,,pl_deepseek_flash,35
38,7,6,17,,ds_batch,,assistant_demo_v1,0,AI自动标注 - 响应长度: 663字符,,9,,es-055,9,,pl_deepseek_pro,35
37,7,6,17,,ds_batch,,assistant_demo_v1,0,AI自动标注 - 响应长度: 251字符,,7,,es-056,7,,pl_deepseek_flash,35
37,7,6,17,,ds_batch,,assistant_demo_v1,1,AI自动标注 - 响应长度: 296字符,,7,,es-056,7,,pl_deepseek_pro,35
37,7,6,17,,ds_batch,,assistant_demo_v1,0,AI自动标注 - 响应长度: 421字符,,9,,es-057,8,,pl_deepseek_flash,35
38,7,6,17,,ds_batch,,assistant_demo_v1,0,AI自动标注 - 响应长度: 768字符,,10,,es-057,9,,pl_deepseek_pro,35
37,7,6,17,,ds_batch,,assistant_demo_v1,1,AI自动标注 - 响应长度: 398字符,,9,,es-058,7,,pl_deepseek_flash,35
38,7,6,17,,ds_batch,,assistant_demo_v1,1,AI自动标注 - 响应长度: 1104字符,,10,,es-058,9,,pl_deepseek_pro,35
36,6,6,17,,ds_batch,,assistant_demo_v1,0,AI自动标注 - 响应长度: 178字符,,4,,es-059,6,,pl_deepseek_flash,35
37,7,6,17,,ds_batch,,assistant_demo_v1,0,AI自动标注 - 响应长度: 432字符,,9,,es-059,8,,pl_deepseek_pro,35
37,7,6,17,,ds_batch,,assistant_demo_v1,0,AI自动标注 - 响应长度: 447字符,,9,,es-060,8,,pl_deepseek_flash,35
38,7,6,17,,ds_batch,,assistant_demo_v1,1,AI自动标注 - 响应长度: 753字符,,10,,es-060,9,,pl_deepseek_pro,35
37,7,6,17,,ds_batch,,assistant_demo_v1,1,AI自动标注 - 响应长度: 463字符,,9,,es-061,8,,pl_deepseek_flash,35
38,7,6,17,,ds_batch,,assistant_demo_v1,1,AI自动标注 - 响应长度: 537字符,,10,,es-061,8,,pl_deepseek_pro,35
37,7,6,17,,ds_batch,,assistant_demo_v1,1,AI自动标注 - 响应长度: 456字符,,9,,es-062,8,,pl_deepseek_flash,35
38,7,6,17,,ds_batch,,assistant_demo_v1,0,AI自动标注 - 响应长度: 684字符,,10,,es-062,9,,pl_deepseek_pro,35
37,7,6,17,,ds_batch,,assistant_demo_v1,1,AI自动标注 - 响应长度: 258字符,,7,,es-063,7,,pl_deepseek_flash,35
37,7,6,17,,ds_batch,,assistant_demo_v1,1,AI自动标注 - 响应长度: 308字符,,7,,es-063,7,,pl_deepseek_pro,35
37,7,6,17,,ds_batch,,assistant_demo_v1,0,AI自动标注 - 响应长度: 389字符,,8,,es-064,7,,pl_deepseek_flash,35
38,7,6,17,,ds_batch,,assistant_demo_v1,0,AI自动标注 - 响应长度: 607字符,,10,,es-064,9,,pl_deepseek_pro,35
36,5,6,17,,ds_batch,,assistant_demo_v1,0,AI自动标注 - 响应长度: 148字符,,3,,es-065,5,,pl_deepseek_flash,35
38,7,6,17,,ds_batch,,assistant_demo_v1,0,AI自动标注 - 响应长度: 678字符,,10,,es-065,9,,pl_deepseek_pro,35
38,7,6,17,,ds_batch,,assistant_demo_v1,0,AI自动标注 - 响应长度: 570字符,,10,,es-066,8,,pl_deepseek_flash,35
38,7,6,17,,ds_batch,,assistant_demo_v1,0,AI自动标注 - 响应长度: 804字符,,10,,es-066,9,,pl_deepseek_pro,35
37,7,6,17,,ds_batch,,assistant_demo_v1,0,AI自动标注 - 响应长度: 345字符,,7,,es-067,7,,pl_deepseek_flash,35
37,7,6,17,,ds_batch,,assistant_demo_v1,0,AI自动标注 - 响应长度: 404字符,,9,,es-067,8,,pl_deepseek_pro,35
38,7,6,17,,ds_batch,,assistant_demo_v1,0,AI自动标注 - 响应长度: 687字符,,10,,es-068,9,,pl_deepseek_flash,35
38,10,5,17,,ds_batch,,assistant_demo_v1,1,AI自动标注 - 响应长度: 876字符,,10,,es-068,9,,pl_deepseek_pro,35
37,7,6,17,,ds_batch,,assistant_demo_v1,0,AI自动标注 - 响应长度: 446字符,,9,,es-069,8,,pl_deepseek_flash,35
38,7,6,17,,ds_batch,,assistant_demo_v1,1,AI自动标注 - 响应长度: 1127字符,,10,,es-069,9,,pl_deepseek_pro,35
37,7,6,17,,ds_batch,,assistant_demo_v1,0,AI自动标注 - 响应长度: 439字符,,8,,es-070,8,,pl_deepseek_flash,35
38,7,6,17,,ds_batch,,assistant_demo_v1,0,AI自动标注 - 响应长度: 854字符,,10,,es-070,9,,pl_deepseek_pro,35
23,7,6,10,,ds_batch,,assistant_demo_v1,1,AI自动标注 - 响应长度: 721字符,,10,,mfg-001,9,,pl_deepseek_flash,20
23,7,6,10,,ds_batch,,assistant_demo_v1,1,AI自动标注 - 响应长度: 1295字符,,10,,mfg-001,9,,pl_deepseek_pro,20
23,10,5,10,,ds_batch,,assistant_demo_v1,0,AI自动标注 - 响应长度: 965字符,,10,,mfg-002,9,,pl_deepseek_flash,20
23,10,5,10,,ds_batch,,assistant_demo_v1,0,AI自动标注 - 响应长度: 1159字符,,10,,mfg-002,9,,pl_deepseek_pro,20
22,9,5,10,,ds_batch,,assistant_demo_v1,0,AI自动标注 - 响应长度: 489字符,,10,,mfg-003,8,,pl_deepseek_flash,20
23,10,5,10,,ds_batch,,assistant_demo_v1,0,AI自动标注 - 响应长度: 975字符,,10,,mfg-003,9,,pl_deepseek_pro,20
23,10,5,10,,ds_batch,,assistant_demo_v1,1,AI自动标注 - 响应长度: 1057字符,,10,,mfg-004,9,,pl_deepseek_flash,20
23,10,5,10,,ds_batch,,assistant_demo_v1,1,AI自动标注 - 响应长度: 822字符,,10,,mfg-004,9,,pl_deepseek_pro,20
23,9,5,10,,ds_batch,,assistant_demo_v1,0,AI自动标注 - 响应长度: 582字符,,10,,mfg-005,8,,pl_deepseek_flash,20
23,7,6,10,,ds_batch,,assistant_demo_v1,0,AI自动标注 - 响应长度: 801字符,,10,,mfg-005,9,,pl_deepseek_pro,20
22,8,5,10,,ds_batch,,assistant_demo_v1,0,AI自动标注 - 响应长度: 349字符,,8,,mfg-006,7,,pl_deepseek_flash,20
23,10,5,10,,ds_batch,,assistant_demo_v1,0,AI自动标注 - 响应长度: 819字符,,10,,mfg-006,9,,pl_deepseek_pro,20
23,7,6,10,,ds_batch,,assistant_demo_v1,0,AI自动标注 - 响应长度: 748字符,,10,,mfg-007,9,,pl_deepseek_flash,20
23,10,5,10,,ds_batch,,assistant_demo_v1,1,AI自动标注 - 响应长度: 914字符,,10,,mfg-007,9,,pl_deepseek_pro,20
22,9,5,10,,ds_batch,,assistant_demo_v1,0,AI自动标注 - 响应长度: 436字符,,10,,mfg-008,8,,pl_deepseek_flash,20
23,7,6,10,,ds_batch,,assistant_demo_v1,0,AI自动标注 - 响应长度: 928字符,,10,,mfg-008,9,,pl_deepseek_pro,20
22,9,5,10,,ds_batch,,assistant_demo_v1,0,AI自动标注 - 响应长度: 494字符,,9,,mfg-009,8,,pl_deepseek_flash,20
22,7,6,10,,ds_batch,,assistant_demo_v1,1,AI自动标注 - 响应长度: 449字符,,9,,mfg-009,8,,pl_deepseek_pro,20
22,9,5,10,,ds_batch,,assistant_demo_v1,0,AI自动标注 - 响应长度: 475字符,,10,,mfg-010,8,,pl_deepseek_flash,20
23,10,5,10,,ds_batch,,assistant_demo_v1,0,AI自动标注 - 响应长度: 731字符,,10,,mfg-010,9,,pl_deepseek_pro,20
23,7,6,10,,ds_batch,,assistant_demo_v1,1,AI自动标注 - 响应长度: 793字符,,10,,mfg-011,9,,pl_deepseek_flash,20
23,7,6,10,,ds_batch,,assistant_demo_v1,0,AI自动标注 - 响应长度: 593字符,,10,,mfg-011,8,,pl_deepseek_pro,20
22,9,5,10,,ds_batch,,assistant_demo_v1,1,AI自动标注 - 响应长度: 480字符,,10,,mfg-012,8,,pl_deepseek_flash,20
23,7,6,10,,ds_batch,,assistant_demo_v1,0,AI自动标注 - 响应长度: 810字符,,10,,mfg-012,9,,pl_deepseek_pro,20
23,10,5,10,,ds_batch,,assistant_demo_v1,0,AI自动标注 - 响应长度: 706字符,,10,,mfg-013,9,,pl_deepseek_flash,20
23,10,5,10,,ds_batch,,assistant_demo_v1,0,AI自动标注 - 响应长度: 601字符,,10,,mfg-013,9,,pl_deepseek_pro,20
23,9,5,10,,ds_batch,,assistant_demo_v1,1,AI自动标注 - 响应长度: 561字符,,9,,mfg-014,8,,pl_deepseek_flash,20
23,10,5,10,,ds_batch,,assistant_demo_v1,0,AI自动标注 - 响应长度: 1187字符,,10,,mfg-014,9,,pl_deepseek_pro,20
23,9,5,10,,ds_batch,,assistant_demo_v1,0,AI自动标注 - 响应长度: 529字符,,10,,mfg-015,8,,pl_deepseek_flash,20
23,10,5,10,,ds_batch,,assistant_demo_v1,0,AI自动标注 - 响应长度: 706字符,,10,,mfg-015,9,,pl_deepseek_pro,20
23,10,5,10,,ds_batch,,assistant_demo_v1,1,AI自动标注 - 响应长度: 673字符,,10,,mfg-016,9,,pl_deepseek_flash,20
23,10,5,10,,ds_batch,,assistant_demo_v1,0,AI自动标注 - 响应长度: 861字符,,10,,mfg-016,9,,pl_deepseek_pro,20
22,8,5,10,,ds_batch,,assistant_demo_v1,0,AI自动标注 - 响应长度: 380字符,,9,,mfg-017,7,,pl_deepseek_flash,20
22,9,5,10,,ds_batch,,assistant_demo_v1,0,AI自动标注 - 响应长度: 498字符,,10,,mfg-017,8,,pl_deepseek_pro,20
23,10,5,10,,ds_batch,,assistant_demo_v1,0,AI自动标注 - 响应长度: 735字符,,10,,mfg-018,9,,pl_deepseek_flash,20
23,10,5,10,,ds_batch,,assistant_demo_v1,0,AI自动标注 - 响应长度: 893字符,,10,,mfg-018,9,,pl_deepseek_pro,20
23,10,5,10,,ds_batch,,assistant_demo_v1,1,AI自动标注 - 响应长度: 997字符,,10,,mfg-019,9,,pl_deepseek_flash,20
23,10,5,10,,ds_batch,,assistant_demo_v1,0,AI自动标注 - 响应长度: 896字符,,10,,mfg-019,9,,pl_deepseek_pro,20
23,10,5,10,,ds_batch,,assistant_demo_v1,1,AI自动标注 - 响应长度: 606字符,,10,,mfg-020,9,,pl_deepseek_flash,20
23,10,5,10,,ds_batch,,assistant_demo_v1,1,AI自动标注 - 响应长度: 866字符,,10,,mfg-020,9,,pl_deepseek_pro,20
22,8,5,10,,ds_batch,,assistant_demo_v1,0,AI自动标注 - 响应长度: 216字符,,8,,mfg-021,7,,pl_deepseek_flash,20
23,10,5,10,,ds_batch,,assistant_demo_v1,0,AI自动标注 - 响应长度: 748字符,,10,,mfg-021,9,,pl_deepseek_pro,20
23,10,5,10,,ds_batch,,assistant_demo_v1,1,AI自动标注 - 响应长度: 786字符,,10,,mfg-022,9,,pl_deepseek_flash,20
23,10,5,10,,ds_batch,,assistant_demo_v1,0,AI自动标注 - 响应长度: 908字符,,10,,mfg-022,9,,pl_deepseek_pro,20
23,10,5,10,,ds_batch,,assistant_demo_v1,0,AI自动标注 - 响应长度: 717字符,,10,,mfg-023,9,,pl_deepseek_flash,20
23,10,5,10,,ds_batch,,assistant_demo_v1,0,AI自动标注 - 响应长度: 1298字符,,10,,mfg-023,9,,pl_deepseek_pro,20
22,9,5,10,,ds_batch,,assistant_demo_v1,0,AI自动标注 - 响应长度: 438字符,,10,,mfg-024,8,,pl_deepseek_flash,20
23,10,5,10,,ds_batch,,assistant_demo_v1,0,AI自动标注 - 响应长度: 788字符,,10,,mfg-024,9,,pl_deepseek_pro,20
23,10,5,10,,ds_batch,,assistant_demo_v1,0,AI自动标注 - 响应长度: 669字符,,10,,mfg-025,9,,pl_deepseek_flash,20
23,10,5,10,,ds_batch,,assistant_demo_v1,0,AI自动标注 - 响应长度: 962字符,,10,,mfg-025,9,,pl_deepseek_pro,20
22,7,6,10,,ds_batch,,assistant_demo_v1,0,AI自动标注 - 响应长度: 386字符,,8,,mfg-026,7,,pl_deepseek_flash,20
23,10,5,10,,ds_batch,,assistant_demo_v1,0,AI自动标注 - 响应长度: 718字符,,10,,mfg-026,9,,pl_deepseek_pro,20
23,10,5,10,,ds_batch,,assistant_demo_v1,0,AI自动标注 - 响应长度: 721字符,,10,,mfg-027,9,,pl_deepseek_flash,20
23,7,6,10,,ds_batch,,assistant_demo_v1,1,AI自动标注 - 响应长度: 842字符,,10,,mfg-027,9,,pl_deepseek_pro,20
22,9,5,10,,ds_batch,,assistant_demo_v1,0,AI自动标注 - 响应长度: 439字符,,10,,mfg-028,8,,pl_deepseek_flash,20
23,7,6,10,,ds_batch,,assistant_demo_v1,1,AI自动标注 - 响应长度: 1473字符,,10,,mfg-028,9,,pl_deepseek_pro,20
23,9,5,10,,ds_batch,,assistant_demo_v1,1,AI自动标注 - 响应长度: 570字符,,10,,mfg-029,8,,pl_deepseek_flash,20
23,10,5,10,,ds_batch,,assistant_demo_v1,0,AI自动标注 - 响应长度: 1082字符,,10,,mfg-029,9,,pl_deepseek_pro,20
23,10,5,10,,ds_batch,,assistant_demo_v1,0,AI自动标注 - 响应长度: 639字符,,10,,mfg-030,9,,pl_deepseek_flash,20
23,10,5,10,,ds_batch,,assistant_demo_v1,1,AI自动标注 - 响应长度: 967字符,,10,,mfg-030,9,,pl_deepseek_pro,20
28,7,6,12,,ds_batch,,assistant_demo_v1,0,AI自动标注 - 响应长度: 506字符,,10,,ps-001,8,,pl_deepseek_flash,25
28,7,6,12,,ds_batch,,assistant_demo_v1,1,AI自动标注 - 响应长度: 1106字符,,10,,ps-001,9,,pl_deepseek_pro,25
28,7,6,12,,ds_batch,,assistant_demo_v1,1,AI自动标注 - 响应长度: 712字符,,10,,ps-002,9,,pl_deepseek_flash,25
28,7,6,12,,ds_batch,,assistant_demo_v1,0,AI自动标注 - 响应长度: 564字符,,9,,ps-003,8,,pl_deepseek_flash,25
28,7,6,12,,ds_batch,,assistant_demo_v1,0,AI自动标注 - 响应长度: 910字符,,10,,ps-003,9,,pl_deepseek_pro,25
28,7,6,12,,ds_batch,,assistant_demo_v1,0,AI自动标注 - 响应长度: 618字符,,10,,ps-004,9,,pl_deepseek_flash,25
28,7,6,12,,ds_batch,,assistant_demo_v1,1,AI自动标注 - 响应长度: 1098字符,,10,,ps-004,9,,pl_deepseek_pro,25
28,7,6,12,,ds_batch,,assistant_demo_v1,0,AI自动标注 - 响应长度: 730字符,,10,,ps-005,9,,pl_deepseek_flash,25
28,7,6,12,,ds_batch,,assistant_demo_v1,1,AI自动标注 - 响应长度: 835字符,,10,,ps-005,9,,pl_deepseek_pro,25
28,7,6,12,,ds_batch,,assistant_demo_v1,1,AI自动标注 - 响应长度: 557字符,,9,,ps-006,8,,pl_deepseek_flash,25
28,7,6,12,,ds_batch,,assistant_demo_v1,0,AI自动标注 - 响应长度: 904字符,,10,,ps-006,9,,pl_deepseek_pro,25
27,7,6,12,,ds_batch,,assistant_demo_v1,1,AI自动标注 - 响应长度: 280字符,,7,,ps-007,7,,pl_deepseek_flash,25
27,7,6,12,,ds_batch,,assistant_demo_v1,0,AI自动标注 - 响应长度: 272字符,,7,,ps-007,7,,pl_deepseek_pro,25
27,7,6,12,,ds_batch,,assistant_demo_v1,0,AI自动标注 - 响应长度: 283字符,,6,,ps-008,7,,pl_deepseek_flash,25
28,7,6,12,,ds_batch,,assistant_demo_v1,1,AI自动标注 - 响应长度: 699字符,,10,,ps-008,9,,pl_deepseek_pro,25
28,7,6,12,,ds_batch,,assistant_demo_v1,1,AI自动标注 - 响应长度: 563字符,,10,,ps-009,8,,pl_deepseek_flash,25
28,7,6,12,,ds_batch,,assistant_demo_v1,1,AI自动标注 - 响应长度: 840字符,,10,,ps-009,9,,pl_deepseek_pro,25
28,7,6,12,,ds_batch,,assistant_demo_v1,0,AI自动标注 - 响应长度: 535字符,,9,,ps-010,8,,pl_deepseek_flash,25
28,7,6,12,,ds_batch,,assistant_demo_v1,1,AI自动标注 - 响应长度: 774字符,,10,,ps-010,9,,pl_deepseek_pro,25
27,7,6,12,,ds_batch,,assistant_demo_v1,0,AI自动标注 - 响应长度: 274字符,,7,,ps-011,7,,pl_deepseek_flash,25
27,7,6,12,,ds_batch,,assistant_demo_v1,0,AI自动标注 - 响应长度: 328字符,,7,,ps-011,7,,pl_deepseek_pro,25
28,7,6,12,,ds_batch,,assistant_demo_v1,1,AI自动标注 - 响应长度: 873字符,,10,,ps-012,9,,pl_deepseek_flash,25
28,7,6,12,,ds_batch,,assistant_demo_v1,0,AI自动标注 - 响应长度: 960字符,,10,,ps-012,9,,pl_deepseek_pro,25
28,7,6,12,,ds_batch,,assistant_demo_v1,1,AI自动标注 - 响应长度: 619字符,,9,,ps-013,9,,pl_deepseek_flash,25
28,7,6,12,,ds_batch,,assistant_demo_v1,1,AI自动标注 - 响应长度: 991字符,,10,,ps-013,9,,pl_deepseek_pro,25
28,7,6,12,,ds_batch,,assistant_demo_v1,1,AI自动标注 - 响应长度: 614字符,,10,,ps-014,9,,pl_deepseek_flash,25
28,7,6,12,,ds_batch,,assistant_demo_v1,0,AI自动标注 - 响应长度: 814字符,,10,,ps-014,9,,pl_deepseek_pro,25
28,7,6,12,,ds_batch,,assistant_demo_v1,1,AI自动标注 - 响应长度: 1094字符,,10,,ps-015,9,,pl_deepseek_flash,25
28,7,6,12,,ds_batch,,assistant_demo_v1,1,AI自动标注 - 响应长度: 1125字符,,10,,ps-015,9,,pl_deepseek_pro,25
28,7,6,12,,ds_batch,,assistant_demo_v1,0,AI自动标注 - 响应长度: 728字符,,10,,ps-016,9,,pl_deepseek_flash,25
28,7,6,12,,ds_batch,,assistant_demo_v1,0,AI自动标注 - 响应长度: 801字符,,10,,ps-016,9,,pl_deepseek_pro,25
28,7,6,12,,ds_batch,,assistant_demo_v1,0,AI自动标注 - 响应长度: 701字符,,10,,ps-017,9,,pl_deepseek_flash,25
28,7,6,12,,ds_batch,,assistant_demo_v1,0,AI自动标注 - 响应长度: 706字符,,10,,ps-017,9,,pl_deepseek_pro,25
28,10,5,12,,ds_batch,,assistant_demo_v1,0,AI自动标注 - 响应长度: 626字符,,9,,ps-018,9,,pl_deepseek_flash,25
28,7,6,12,,ds_batch,,assistant_demo_v1,1,AI自动标注 - 响应长度: 905字符,,10,,ps-018,9,,pl_deepseek_pro,25
28,9,5,12,,ds_batch,,assistant_demo_v1,0,AI自动标注 - 响应长度: 515字符,,10,,ps-019,8,,pl_deepseek_flash,25
28,7,6,12,,ds_batch,,assistant_demo_v1,1,AI自动标注 - 响应长度: 814字符,,10,,ps-019,9,,pl_deepseek_pro,25
28,7,6,12,,ds_batch,,assistant_demo_v1,1,AI自动标注 - 响应长度: 886字符,,10,,ps-020,9,,pl_deepseek_flash,25
28,7,6,12,,ds_batch,,assistant_demo_v1,0,AI自动标注 - 响应长度: 766字符,,10,,ps-021,9,,pl_deepseek_flash,25
28,7,6,12,,ds_batch,,assistant_demo_v1,0,AI自动标注 - 响应长度: 1108字符,,10,,ps-021,9,,pl_deepseek_pro,25
28,7,6,12,,ds_batch,,assistant_demo_v1,1,AI自动标注 - 响应长度: 743字符,,10,,ps-022,9,,pl_deepseek_flash,25
28,7,6,12,,ds_batch,,assistant_demo_v1,1,AI自动标注 - 响应长度: 1254字符,,10,,ps-022,9,,pl_deepseek_pro,25
27,9,5,12,,ds_batch,,assistant_demo_v1,1,AI自动标注 - 响应长度: 449字符,,10,,ps-023,8,,pl_deepseek_flash,25
28,7,6,12,,ds_batch,,assistant_demo_v1,1,AI自动标注 - 响应长度: 669字符,,10,,ps-024,9,,pl_deepseek_flash,25
28,7,6,12,,ds_batch,,assistant_demo_v1,0,AI自动标注 - 响应长度: 1033字符,,10,,ps-024,9,,pl_deepseek_pro,25
27,8,5,12,,ds_batch,,assistant_demo_v1,1,AI自动标注 - 响应长度: 378字符,,8,,ps-025,7,,pl_deepseek_flash,25
28,10,5,12,,ds_batch,,assistant_demo_v1,1,AI自动标注 - 响应长度: 670字符,,10,,ps-025,9,,pl_deepseek_pro,25
28,7,6,12,,ds_batch,,assistant_demo_v1,1,AI自动标注 - 响应长度: 844字符,,10,,ps-026,9,,pl_deepseek_flash,25
26,5,6,12,,ds_batch,,assistant_demo_v1,0,AI自动标注 - 响应长度: 137字符,,4,,ps-026,5,,pl_deepseek_pro,25
28,7,6,12,,ds_batch,,assistant_demo_v1,1,AI自动标注 - 响应长度: 1599字符,,10,,ps-027,9,,pl_deepseek_flash,25
28,7,6,12,,ds_batch,,assistant_demo_v1,1,AI自动标注 - 响应长度: 1565字符,,10,,ps-027,9,,pl_deepseek_pro,25
28,7,6,12,,ds_batch,,assistant_demo_v1,1,AI自动标注 - 响应长度: 514字符,,10,,ps-028,8,,pl_deepseek_flash,25
28,10,5,12,,ds_batch,,assistant_demo_v1,1,AI自动标注 - 响应长度: 698字符,,10,,ps-028,9,,pl_deepseek_pro,25
28,7,6,12,,ds_batch,,assistant_demo_v1,1,AI自动标注 - 响应长度: 501字符,,10,,ps-029,8,,pl_deepseek_flash,25
28,7,6,12,,ds_batch,,assistant_demo_v1,1,AI自动标注 - 响应长度: 1145字符,,10,,ps-029,9,,pl_deepseek_pro,25
27,7,6,12,,ds_batch,,assistant_demo_v1,1,AI自动标注 - 响应长度: 340字符,,8,,ps-030,7,,pl_deepseek_flash,25
28,7,6,12,,ds_batch,,assistant_demo_v1,0,AI自动标注 - 响应长度: 666字符,,10,,ps-030,9,,pl_deepseek_pro,25
28,7,6,12,,ds_batch,,assistant_demo_v1,1,AI自动标注 - 响应长度: 856字符,,10,,ps-031,9,,pl_deepseek_flash,25
28,7,6,12,,ds_batch,,assistant_demo_v1,0,AI自动标注 - 响应长度: 1010字符,,10,,ps-031,9,,pl_deepseek_pro,25
28,7,6,12,,ds_batch,,assistant_demo_v1,1,AI自动标注 - 响应长度: 828字符,,10,,ps-032,9,,pl_deepseek_flash,25
28,10,5,12,,ds_batch,,assistant_demo_v1,1,AI自动标注 - 响应长度: 911字符,,10,,ps-032,9,,pl_deepseek_pro,25
27,9,5,12,,ds_batch,,assistant_demo_v1,1,AI自动标注 - 响应长度: 473字符,,9,,ps-033,8,,pl_deepseek_flash,25
28,10,5,12,,ds_batch,,assistant_demo_v1,1,AI自动标注 - 响应长度: 886字符,,10,,ps-033,9,,pl_deepseek_pro,25
28,10,5,12,,ds_batch,,assistant_demo_v1,0,AI自动标注 - 响应长度: 735字符,,10,,ps-034,9,,pl_deepseek_flash,25
28,7,6,12,,ds_batch,,assistant_demo_v1,1,AI自动标注 - 响应长度: 1107字符,,10,,ps-035,9,,pl_deepseek_flash,25
26,4,5,12,,ds_batch,,assistant_demo_v1,1,AI自动标注 - 响应长度: 79字符,,3,,ps-035,4,,pl_deepseek_pro,25
27,9,5,12,,ds_batch,,assistant_demo_v1,1,AI自动标注 - 响应长度: 431字符,,9,,ps-036,8,,pl_deepseek_flash,25
28,10,5,12,,ds_batch,,assistant_demo_v1,0,AI自动标注 - 响应长度: 827字符,,10,,ps-036,9,,pl_deepseek_pro,25
28,7,6,12,,ds_batch,,assistant_demo_v1,1,AI自动标注 - 响应长度: 1666字符,,10,,ps-037,9,,pl_deepseek_flash,25
28,7,6,12,,ds_batch,,assistant_demo_v1,1,AI自动标注 - 响应长度: 697字符,,10,,ps-037,9,,pl_deepseek_pro,25
28,10,5,12,,ds_batch,,assistant_demo_v1,1,AI自动标注 - 响应长度: 798字符,,10,,ps-038,9,,pl_deepseek_flash,25
28,10,5,12,,ds_batch,,assistant_demo_v1,1,AI自动标注 - 响应长度: 996字符,,10,,ps-038,9,,pl_deepseek_pro,25
27,9,5,12,,ds_batch,,assistant_demo_v1,1,AI自动标注 - 响应长度: 484字符,,8,,ps-039,8,,pl_deepseek_flash,25
28,7,6,12,,ds_batch,,assistant_demo_v1,0,AI自动标注 - 响应长度: 964字符,,10,,ps-039,9,,pl_deepseek_pro,25
27,9,5,12,,ds_batch,,assistant_demo_v1,1,AI自动标注 - 响应长度: 403字符,,9,,ps-040,8,,pl_deepseek_flash,25
28,7,6,12,,ds_batch,,assistant_demo_v1,0,AI自动标注 - 响应长度: 535字符,,10,,ps-040,8,,pl_deepseek_pro,25
27,7,6,12,,ds_batch,,assistant_demo_v1,1,AI自动标注 - 响应长度: 449字符,,9,,ps-041,8,,pl_deepseek_flash,25
28,7,6,12,,ds_batch,,assistant_demo_v1,1,AI自动标注 - 响应长度: 1099字符,,10,,ps-041,9,,pl_deepseek_pro,25
27,8,5,12,,ds_batch,,assistant_demo_v1,1,AI自动标注 - 响应长度: 297字符,,7,,ps-042,7,,pl_deepseek_flash,25
28,7,6,12,,ds_batch,,assistant_demo_v1,1,AI自动标注 - 响应长度: 505字符,,8,,ps-042,8,,pl_deepseek_pro,25
28,10,5,12,,ds_batch,,assistant_demo_v1,1,AI自动标注 - 响应长度: 602字符,,10,,ps-043,9,,pl_deepseek_flash,25
28,10,5,12,,ds_batch,,assistant_demo_v1,1,AI自动标注 - 响应长度: 1260字符,,10,,ps-043,9,,pl_deepseek_pro,25
27,7,6,12,,ds_batch,,assistant_demo_v1,0,AI自动标注 - 响应长度: 429字符,,8,,ps-044,8,,pl_deepseek_flash,25
28,7,6,12,,ds_batch,,assistant_demo_v1,0,AI自动标注 - 响应长度: 748字符,,10,,ps-044,9,,pl_deepseek_pro,25
27,9,5,12,,ds_batch,,assistant_demo_v1,1,AI自动标注 - 响应长度: 408字符,,9,,ps-045,8,,pl_deepseek_flash,25
28,9,5,12,,ds_batch,,assistant_demo_v1,1,AI自动标注 - 响应长度: 540字符,,10,,ps-045,8,,pl_deepseek_pro,25
27,9,5,12,,ds_batch,,assistant_demo_v1,0,AI自动标注 - 响应长度: 431字符,,9,,ps-046,8,,pl_deepseek_flash,25
28,10,5,12,,ds_batch,,assistant_demo_v1,1,AI自动标注 - 响应长度: 976字符,,10,,ps-046,9,,pl_deepseek_pro,25
28,10,5,12,,ds_batch,,assistant_demo_v1,1,AI自动标注 - 响应长度: 866字符,,10,,ps-047,9,,pl_deepseek_flash,25
28,7,6,12,,ds_batch,,assistant_demo_v1,1,AI自动标注 - 响应长度: 1037字符,,10,,ps-047,9,,pl_deepseek_pro,25
27,7,6,12,,ds_batch,,assistant_demo_v1,1,AI自动标注 - 响应长度: 491字符,,9,,ps-048,8,,pl_deepseek_flash,25
28,7,6,12,,ds_batch,,assistant_demo_v1,0,AI自动标注 - 响应长度: 624字符,,10,,ps-048,9,,pl_deepseek_pro,25
27,9,5,12,,ds_batch,,assistant_demo_v1,0,AI自动标注 - 响应长度: 435字符,,8,,ps-049,8,,pl_deepseek_flash,25
28,10,5,12,,ds_batch,,assistant_demo_v1,0,AI自动标注 - 响应长度: 953字符,,10,,ps-049,9,,pl_deepseek_pro,25
27,8,5,12,,ds_batch,,assistant_demo_v1,0,AI自动标注 - 响应长度: 275字符,,6,,ps-050,7,,pl_deepseek_flash,25
28,10,5,12,,ds_batch,,assistant_demo_v1,1,AI自动标注 - 响应长度: 992字符,,10,,ps-050,9,,pl_deepseek_pro,25
27,9,5,12,,ds_batch,,assistant_demo_v1,1,AI自动标注 - 响应长度: 471字符,,9,,ps-051,8,,pl_deepseek_flash,25
28,10,5,12,,ds_batch,,assistant_demo_v1,0,AI自动标注 - 响应长度: 938字符,,10,,ps-051,9,,pl_deepseek_pro,25
28,7,6,12,,ds_batch,,assistant_demo_v1,1,AI自动标注 - 响应长度: 584字符,,10,,ps-052,8,,pl_deepseek_flash,25
28,7,6,12,,ds_batch,,assistant_demo_v1,1,AI自动标注 - 响应长度: 821字符,,10,,ps-052,9,,pl_deepseek_pro,25
28,7,6,12,,ds_batch,,assistant_demo_v1,1,AI自动标注 - 响应长度: 855字符,,10,,ps-053,9,,pl_deepseek_pro,25
27,7,6,12,,ds_batch,,assistant_demo_v1,1,AI自动标注 - 响应长度: 403字符,,10,,ps-054,8,,pl_deepseek_flash,25
28,10,5,12,,ds_batch,,assistant_demo_v1,0,AI自动标注 - 响应长度: 1115字符,,10,,ps-054,9,,pl_deepseek_pro,25
28,7,6,12,,ds_batch,,assistant_demo_v1,1,AI自动标注 - 响应长度: 542字符,,9,,ps-055,8,,pl_deepseek_flash,25
28,7,6,12,,ds_batch,,assistant_demo_v1,1,AI自动标注 - 响应长度: 975字符,,10,,ps-055,9,,pl_deepseek_pro,25
28,7,6,12,,ds_batch,,assistant_demo_v1,1,AI自动标注 - 响应长度: 530字符,,9,,ps-056,8,,pl_deepseek_flash,25
28,7,6,12,,ds_batch,,assistant_demo_v1,1,AI自动标注 - 响应长度: 1044字符,,10,,ps-056,9,,pl_deepseek_pro,25
28,7,6,12,,ds_batch,,assistant_demo_v1,1,AI自动标注 - 响应长度: 1047字符,,10,,ps-057,9,,pl_deepseek_flash,25
28,7,6,12,,ds_batch,,assistant_demo_v1,1,AI自动标注 - 响应长度: 1270字符,,10,,ps-057,9,,pl_deepseek_pro,25
28,7,6,12,,ds_batch,,assistant_demo_v1,1,AI自动标注 - 响应长度: 1010字符,,10,,ps-058,9,,pl_deepseek_flash,25
28,7,6,12,,ds_batch,,assistant_demo_v1,1,AI自动标注 - 响应长度: 750字符,,10,,ps-058,9,,pl_deepseek_pro,25
27,7,6,12,,ds_batch,,assistant_demo_v1,0,AI自动标注 - 响应长度: 463字符,,10,,ps-059,8,,pl_deepseek_flash,25
28,7,6,12,,ds_batch,,assistant_demo_v1,1,AI自动标注 - 响应长度: 1023字符,,10,,ps-059,9,,pl_deepseek_pro,25
28,10,5,12,,ds_batch,,assistant_demo_v1,0,AI自动标注 - 响应长度: 610字符,,10,,ps-060,9,,pl_deepseek_flash,25
28,7,6,12,,ds_batch,,assistant_demo_v1,0,AI自动标注 - 响应长度: 1065字符,,10,,ps-060,9,,pl_deepseek_pro,25
27,7,6,12,,ds_batch,,assistant_demo_v1,1,AI自动标注 - 响应长度: 482字符,,9,,ps-061,8,,pl_deepseek_flash,25
28,10,5,12,,ds_batch,,assistant_demo_v1,1,AI自动标注 - 响应长度: 933字符,,10,,ps-061,9,,pl_deepseek_pro,25
28,7,6,12,,ds_batch,,assistant_demo_v1,1,AI自动标注 - 响应长度: 684字符,,9,,ps-062,9,,pl_deepseek_flash,25
28,10,5,12,,ds_batch,,assistant_demo_v1,1,AI自动标注 - 响应长度: 658字符,,10,,ps-063,9,,pl_deepseek_flash,25
28,7,6,12,,ds_batch,,assistant_demo_v1,1,AI自动标注 - 响应长度: 1115字符,,10,,ps-063,9,,pl_deepseek_pro,25
27,9,5,12,,ds_batch,,assistant_demo_v1,1,AI自动标注 - 响应长度: 487字符,,8,,ps-064,8,,pl_deepseek_flash,25
28,7,6,12,,ds_batch,,assistant_demo_v1,1,AI自动标注 - 响应长度: 979字符,,10,,ps-064,9,,pl_deepseek_pro,25
28,7,6,12,,ds_batch,,assistant_demo_v1,1,AI自动标注 - 响应长度: 627字符,,10,,ps-065,9,,pl_deepseek_flash,25
28,7,6,12,,ds_batch,,assistant_demo_v1,0,AI自动标注 - 响应长度: 1849字符,,10,,ps-065,9,,pl_deepseek_pro,25
27,9,5,12,,ds_batch,,assistant_demo_v1,1,AI自动标注 - 响应长度: 491字符,,10,,ps-066,8,,pl_deepseek_flash,25
28,10,5,12,,ds_batch,,assistant_demo_v1,0,AI自动标注 - 响应长度: 1075字符,,10,,ps-066,9,,pl_deepseek_pro,25
27,7,6,12,,ds_batch,,assistant_demo_v1,0,AI自动标注 - 响应长度: 456字符,,9,,ps-067,8,,pl_deepseek_flash,25
28,7,6,12,,ds_batch,,assistant_demo_v1,0,AI自动标注 - 响应长度: 1178字符,,10,,ps-067,9,,pl_deepseek_pro,25
27,9,5,12,,ds_batch,,assistant_demo_v1,1,AI自动标注 - 响应长度: 486字符,,9,,ps-068,8,,pl_deepseek_flash,25
28,10,5,12,,ds_batch,,assistant_demo_v1,1,AI自动标注 - 响应长度: 812字符,,10,,ps-068,9,,pl_deepseek_pro,25
28,7,6,12,,ds_batch,,assistant_demo_v1,1,AI自动标注 - 响应长度: 547字符,,9,,ps-069,8,,pl_deepseek_flash,25
28,7,6,12,,ds_batch,,assistant_demo_v1,0,AI自动标注 - 响应长度: 737字符,,10,,ps-069,9,,pl_deepseek_pro,25
27,9,5,12,,ds_batch,,assistant_demo_v1,1,AI自动标注 - 响应长度: 477字符,,10,,ps-070,8,,pl_deepseek_flash,25
28,10,5,12,,ds_batch,,assistant_demo_v1,1,AI自动标注 - 响应长度: 842字符,,10,,ps-070,9,,pl_deepseek_pro,25
28,7,6,12,,test_each,,assistant_demo_v1,1,AI自动标注 - 响应长度: 707字符,,10,,ps-001,9,,pl_glm_47_flashx,25
,,,,public service,glm_batch,职工基本医疗保险参保人员办理异地就医备案前，应核对哪些关键信息与材料？ 请结合权威公开信息作答，并提示用户以经办机构或主管部门最新规定为准。,glm_4.7_flashx_auto,,GLM-4.7-flashx auto-generated response. Latency: 26.97s. Response length: 795 chars.,medium,,medium,ps-001,,https://www.gov.cn/gongbao/2025/issue_12266/202509/content_7039598.html,pl_glm_47_flashx,
,,,,public service,glm_batch,城乡居民医保参保缴费期与待遇享受期衔接，应注意哪些常见误区？ 请结合权威公开信息作答，并提示用户以经办机构或主管部门最新规定为准。,glm_4.7_flashx_auto,,GLM-4.7-flashx auto-generated response. Latency: 25.42s. Response length: 760 chars.,medium,,medium,ps-002,,https://www.nhsa.gov.cn/col/col114/index.html,pl_glm_47_flashx,
,,,,public service,glm_batch,门诊慢特病资格认定与报销流程，一般包含哪些环节？ 请结合权威公开信息作答，并提示用户以经办机构或主管部门最新规定为准。,glm_4.7_flashx_auto,,GLM-4.7-flashx auto-generated response. Latency: 23.73s. Response length: 820 chars.,medium,,medium,ps-003,,https://www.nhsa.gov.cn/col/col105/index.html,pl_glm_47_flashx,
,,,,public service,glm_batch,生育保险待遇申领通常需要哪些证明材料与办理渠道？ 请结合权威公开信息作答，并提示用户以经办机构或主管部门最新规定为准。,glm_4.7_flashx_auto,,GLM-4.7-flashx auto-generated response. Latency: 20.33s. Response length: 408 chars.,medium,,medium,ps-004,,https://www.nhsa.gov.cn/col/col104/index.html,pl_glm_47_flashx,
,,,,public service,glm_batch,医疗救助对象认定与“一站式”结算，政策要点有哪些？ 请结合权威公开信息作答，并提示用户以经办机构或主管部门最新规定为准。,glm_4.7_flashx_auto,,GLM-4.7-flashx auto-generated response. Latency: 25.32s. Response length: 483 chars.,medium,,medium,ps-005,,https://www.nhsa.gov.cn/col/col109/index.html,pl_glm_47_flashx,
,,,,public service,glm_batch,长期护理保险试点地区参保人如何了解本地待遇与评估流程？ 请结合权威公开信息作答，并提示用户以经办机构或主管部门最新规定为准。,glm_4.7_flashx_auto,,GLM-4.7-flashx auto-generated response. Latency: 19.41s. Response length: 291 chars.,medium,,medium,ps-006,,https://www.gov.cn/zhengce/zuixin/,pl_glm_47_flashx,
,,,,public service,glm_batch,医保电子凭证与实体社保卡在就医结算中的关系如何理解？ 请结合权威公开信息作答，并提示用户以经办机构或主管部门最新规定为准。,glm_4.7_flashx_auto,,GLM-4.7-flashx auto-generated response. Latency: 24.11s. Response length: 336 chars.,medium,,medium,ps-007,,https://www.gov.cn/hudong/index.htm,pl_glm_47_flashx,
,,,,public service,glm_batch,谈判药品“双通道”供药机制对参保患者意味着什么？ 请结合权威公开信息作答，并提示用户以经办机构或主管部门最新规定为准。,glm_4.7_flashx_auto,,GLM-4.7-flashx auto-generated response. Latency: 19.44s. Response length: 362 chars.,medium,,medium,ps-008,,https://www.moe.gov.cn/jyb_xxgk/moe_1777/moe_1778/,pl_glm_47_flashx,
,,,,public service,glm_batch,医保基金监管举报投诉渠道与受理范围一般包括哪些？ 请结合权威公开信息作答，并提示用户以经办机构或主管部门最新规定为准。,glm_4.7_flashx_auto,,GLM-4.7-flashx auto-generated response. Latency: 33.54s. Response length: 756 chars.,medium,,medium,ps-009,,https://www.moe.gov.cn/jyb_xwfb/xw_fbbm/,pl_glm_47_flashx,
,,,,public service,glm_batch,跨省异地就医直接结算失败时，可按什么顺序自查原因？ 请结合权威公开信息作答，并提示用户以经办机构或主管部门最新规定为准。,glm_4.7_flashx_auto,,GLM-4.7-flashx auto-generated response. Latency: 41.96s. Response length: 656 chars.,medium,,medium,ps-010,,https://www.mem.gov.cn/,pl_glm_47_flashx,
,,,,public service,glm_batch,国家组织药品集中带量采购对参保人药费负担的影响应如何客观表述？ 请结合权威公开信息作答，并提示用户以经办机构或主管部门最新规定为准。,glm_4.7_flashx_auto,,GLM-4.7-flashx auto-generated response. Latency: 22.69s. Response length: 322 chars.,medium,,medium,ps-011,,https://www.mem.gov.cn/yw/zdgz/ajfb/,pl_glm_47_flashx,
,,,,public service,glm_batch,基本公共卫生服务与基本医疗服务在制度上如何区分？ 请结合权威公开信息作答，并提示用户以经办机构或主管部门最新规定为准。,glm_4.7_flashx_auto,,GLM-4.7-flashx auto-generated response. Latency: 17.99s. Response length: 791 chars.,medium,,medium,ps-012,,https://www.samr.gov.cn/,pl_glm_47_flashx,
,,,,public service,glm_batch,传染病疫情信息报告与个人隐私保护之间如何把握平衡？ 请结合权威公开信息作答，并提示用户以经办机构或主管部门最新规定为准。,glm_4.7_flashx_auto,,GLM-4.7-flashx auto-generated response. Latency: 21.12s. Response length: 444 chars.,medium,,medium,ps-013,,https://www.samr.gov.cn/zw/zwfb/,pl_glm_47_flashx,
,,,,public service,glm_batch,学校传染病防控中家校协同的常见要点有哪些？ 请结合权威公开信息作答，并提示用户以经办机构或主管部门最新规定为准。,glm_4.7_flashx_auto,,GLM-4.7-flashx auto-generated response. Latency: 37.30s. Response length: 472 chars.,medium,,medium,ps-014,,https://www.mnr.gov.cn/,pl_glm_47_flashx,
,,,,public service,glm_batch,预防接种异常反应补偿与民事赔偿关系应如何向群众解释？ 请结合权威公开信息作答，并提示用户以经办机构或主管部门最新规定为准。,glm_4.7_flashx_auto,,GLM-4.7-flashx auto-generated response. Latency: 59.34s. Response length: 931 chars.,medium,,medium,ps-015,,https://www.mee.gov.cn/,pl_glm_47_flashx,
,,,,public service,glm_batch,精神卫生法框架下严重精神障碍患者服务管理要点是什么？ 请结合权威公开信息作答，并提示用户以经办机构或主管部门最新规定为准。,glm_4.7_flashx_auto,,GLM-4.7-flashx auto-generated response. Latency: 50.89s. Response length: 629 chars.,medium,,medium,ps-016,,https://www.mee.gov.cn/zcwj/gwywj/202508/t20250827_1126207.shtml,pl_glm_47_flashx,
,,,,public service,glm_batch,突发公共卫生事件分级响应启动后，社区可承担哪些配合工作？ 请结合权威公开信息作答，并提示用户以经办机构或主管部门最新规定为准。,glm_4.7_flashx_auto,,GLM-4.7-flashx auto-generated response. Latency: 31.24s. Response length: 431 chars.,medium,,medium,ps-017,,https://www.mca.gov.cn/,pl_glm_47_flashx,
,,,,public service,glm_batch,食品安全事故信息通报与舆情回应应注意哪些原则？ 请结合权威公开信息作答，并提示用户以经办机构或主管部门最新规定为准。,glm_4.7_flashx_auto,,GLM-4.7-flashx auto-generated response. Latency: 44.12s. Response length: 474 chars.,medium,,high,ps-018,,https://www.mca.gov.cn/n152/n165/c166/,pl_glm_47_flashx,
,,,,public service,glm_batch,饮用水水源保护区管理中的公众参与方式有哪些？ 请结合权威公开信息作答，并提示用户以经办机构或主管部门最新规定为准。,glm_4.7_flashx_auto,,GLM-4.7-flashx auto-generated response. Latency: 40.95s. Response length: 475 chars.,medium,,medium,ps-019,,https://www.mohrss.gov.cn/SYrlzyhshbzk/,pl_glm_47_flashx,
,,,,public service,glm_batch,噪声污染防治中“敏感建筑物集中区域”监管要点是什么？ 请结合权威公开信息作答，并提示用户以经办机构或主管部门最新规定为准。,glm_4.7_flashx_auto,,GLM-4.7-flashx auto-generated response. Latency: 93.73s. Response length: 382 chars.,medium,,medium,ps-020,,https://www.mohrss.gov.cn/SYrlzyhshbzb/jycyz/,pl_glm_47_flashx,
,,,,public service,glm_batch,生活垃圾分类投放、收集、运输的责任边界如何划分？ 请结合权威公开信息作答，并提示用户以经办机构或主管部门最新规定为准。,glm_4.7_flashx_auto,,GLM-4.7-flashx auto-generated response. Latency: 44.08s. Response length: 354 chars.,medium,,medium,ps-021,,https://www.ndrc.gov.cn/,pl_glm_47_flashx,
,,,,public service,glm_batch,危险废物经营许可证制度对产废单位意味着什么？ 请结合权威公开信息作答，并提示用户以经办机构或主管部门最新规定为准。,glm_4.7_flashx_auto,,GLM-4.7-flashx auto-generated response. Latency: 31.23s. Response length: 351 chars.,medium,,high,ps-022,,https://www.ndrc.gov.cn/fggz/,pl_glm_47_flashx,
,,,,public service,glm_batch,土壤污染风险管控和修复活动中的信息公开要求有哪些？ 请结合权威公开信息作答，并提示用户以经办机构或主管部门最新规定为准。,glm_4.7_flashx_auto,,GLM-4.7-flashx auto-generated response. Latency: 79.65s. Response length: 631 chars.,medium,,medium,ps-023,,https://www.mof.gov.cn/,pl_glm_47_flashx,
,,,,public service,glm_batch,碳排放权交易与排污许可制度在监管对象上如何区分？ 请结合权威公开信息作答，并提示用户以经办机构或主管部门最新规定为准。,glm_4.7_flashx_auto,,GLM-4.7-flashx auto-generated response. Latency: 30.58s. Response length: 520 chars.,medium,,medium,ps-024,,https://www.mof.gov.cn/zhengwuxinxi/caizhengxinwen/,pl_glm_47_flashx,
,,,,public service,glm_batch,生态保护红线内允许的人类活动类型有哪些概括性限制？ 请结合权威公开信息作答，并提示用户以经办机构或主管部门最新规定为准。,glm_4.7_flashx_auto,,GLM-4.7-flashx auto-generated response. Latency: 22.92s. Response length: 487 chars.,medium,,medium,ps-025,,https://www.nhc.gov.cn/,pl_glm_47_flashx,
,,,,public service,glm_batch,海域使用论证与海洋环境影响评价在程序上如何衔接？ 请结合权威公开信息作答，并提示用户以经办机构或主管部门最新规定为准。,glm_4.7_flashx_auto,,GLM-4.7-flashx auto-generated response. Latency: 92.41s. Response length: 692 chars.,medium,,medium,ps-026,,https://www.nhc.gov.cn/wjw/bmgz/,pl_glm_47_flashx,
,,,,public service,glm_batch,养老机构备案与消防审验的常见合规要点有哪些？ 请结合权威公开信息作答，并提示用户以经办机构或主管部门最新规定为准。,glm_4.7_flashx_auto,,GLM-4.7-flashx auto-generated response. Latency: 65.41s. Response length: 1387 chars.,medium,,medium,ps-027,,https://www.moj.gov.cn/,pl_glm_47_flashx,
,,,,public service,glm_batch,未成年人社会保护工作中强制报告制度的适用情形有哪些？ 请结合权威公开信息作答，并提示用户以经办机构或主管部门最新规定为准。,glm_4.7_flashx_auto,,GLM-4.7-flashx auto-generated response. Latency: 26.37s. Response length: 308 chars.,medium,,medium,ps-028,,https://www.moj.gov.cn/pub/sfbgw/,pl_glm_47_flashx,
,,,,public service,glm_batch,最低生活保障家庭经济状况核对应注意哪些隐私与准确性问题？ 请结合权威公开信息作答，并提示用户以经办机构或主管部门最新规定为准。,glm_4.7_flashx_auto,,GLM-4.7-flashx auto-generated response. Latency: 39.64s. Response length: 437 chars.,medium,,medium,ps-029,,https://www.mps.gov.cn/,pl_glm_47_flashx,
,,,,public service,glm_batch,临时救助与低保在对象与给付方式上有何主要区别？ 请结合权威公开信息作答，并提示用户以经办机构或主管部门最新规定为准。,glm_4.7_flashx_auto,,GLM-4.7-flashx auto-generated response. Latency: 19.36s. Response length: 401 chars.,medium,,medium,ps-030,,https://www.mps.gov.cn/n2253534/n2253535/,pl_glm_47_flashx,
,,,,public service,glm_batch,特困人员供养与分散供养服务协议应关注哪些条款？ 请结合权威公开信息作答，并提示用户以经办机构或主管部门最新规定为准。,glm_4.7_flashx_auto,,GLM-4.7-flashx auto-generated response. Latency: 66.62s. Response length: 896 chars.,medium,,medium,ps-031,,https://www.ccdi.gov.cn/,pl_glm_47_flashx,
,,,,public service,glm_batch,残疾人两项补贴资格认定与动态复核要点是什么？ 请结合权威公开信息作答，并提示用户以经办机构或主管部门最新规定为准。,glm_4.7_flashx_auto,,GLM-4.7-flashx auto-generated response. Latency: 20.64s. Response length: 453 chars.,medium,,medium,ps-032,,https://www.gov.cn/gongbao/2025/issue_12266/202509/content_7039598.html,pl_glm_47_flashx,
,,,,public service,glm_batch,婚姻登记“跨省通办”试点中当事人材料准备要点有哪些？ 请结合权威公开信息作答，并提示用户以经办机构或主管部门最新规定为准。,glm_4.7_flashx_auto,,GLM-4.7-flashx auto-generated response. Latency: 37.01s. Response length: 655 chars.,medium,,medium,ps-033,,https://www.nhsa.gov.cn/col/col114/index.html,pl_glm_47_flashx,
,,,,public service,glm_batch,收养登记评估与收养能力评估有何制度性区别？ 请结合权威公开信息作答，并提示用户以经办机构或主管部门最新规定为准。,glm_4.7_flashx_auto,,GLM-4.7-flashx auto-generated response. Latency: 29.63s. Response length: 0 chars.,medium,,medium,ps-034,,https://www.nhsa.gov.cn/col/col105/index.html,pl_glm_47_flashx,
,,,,public service,glm_batch,慈善组织信息公开与募捐备案应关注哪些合规点？ 请结合权威公开信息作答，并提示用户以经办机构或主管部门最新规定为准。,glm_4.7_flashx_auto,,GLM-4.7-flashx auto-generated response. Latency: 87.24s. Response length: 1365 chars.,medium,,medium,ps-035,,https://www.nhsa.gov.cn/col/col104/index.html,pl_glm_47_flashx,
,,,,public service,glm_batch,志愿服务记录与证明出具应遵循哪些基本要求？ 请结合权威公开信息作答，并提示用户以经办机构或主管部门最新规定为准。,glm_4.7_flashx_auto,,GLM-4.7-flashx auto-generated response. Latency: 45.63s. Response length: 302 chars.,medium,,medium,ps-036,,https://www.nhsa.gov.cn/col/col109/index.html,pl_glm_47_flashx,
,,,,public service,glm_batch,行政区划变更公告后，证照与合同地址条款如何处理更稳妥？ 请结合权威公开信息作答，并提示用户以经办机构或主管部门最新规定为准。,glm_4.7_flashx_auto,,GLM-4.7-flashx auto-generated response. Latency: 56.77s. Response length: 453 chars.,medium,,medium,ps-037,,https://www.gov.cn/zhengce/zuixin/,pl_glm_47_flashx,
,,,,public service,glm_batch,地名管理中对具有重要地理方位意义的名称命名更名程序要点？ 请结合权威公开信息作答，并提示用户以经办机构或主管部门最新规定为准。,glm_4.7_flashx_auto,,GLM-4.7-flashx auto-generated response. Latency: 105.85s. Response length: 623 chars.,medium,,medium,ps-038,,https://www.gov.cn/hudong/index.htm,pl_glm_47_flashx,
,,,,public service,glm_batch,基层群众性自治组织与基层政府在社区治理中的职责边界？ 请结合权威公开信息作答，并提示用户以经办机构或主管部门最新规定为准。,glm_4.7_flashx_auto,,GLM-4.7-flashx auto-generated response. Latency: 43.69s. Response length: 730 chars.,medium,,medium,ps-039,,https://www.moe.gov.cn/jyb_xxgk/moe_1777/moe_1778/,pl_glm_47_flashx,
,,,,public service,glm_batch,信访事项受理与办理“三个到位”应如何向群众解释？ 请结合权威公开信息作答，并提示用户以经办机构或主管部门最新规定为准。,glm_4.7_flashx_auto,,GLM-4.7-flashx auto-generated response. Latency: 33.97s. Response length: 300 chars.,medium,,medium,ps-040,,https://www.moe.gov.cn/jyb_xwfb/xw_fbbm/,pl_glm_47_flashx,
,,,,public service,glm_batch,行政复议与行政诉讼在救济路径选择上如何把握？ 请结合权威公开信息作答，并提示用户以经办机构或主管部门最新规定为准。,glm_4.7_flashx_auto,,GLM-4.7-flashx auto-generated response. Latency: 25.25s. Response length: 755 chars.,medium,,high,ps-041,,https://www.mem.gov.cn/,pl_glm_47_flashx,
,,,,public service,glm_batch,政府信息公开申请中“三需要”原则应如何准确理解？ 请结合权威公开信息作答，并提示用户以经办机构或主管部门最新规定为准。,glm_4.7_flashx_auto,,GLM-4.7-flashx auto-generated response. Latency: 19.65s. Response length: 441 chars.,medium,,medium,ps-042,,https://www.mem.gov.cn/yw/zdgz/ajfb/,pl_glm_47_flashx,
,,,,public service,glm_batch,重大行政决策公众参与与专家论证如何组织更规范？ 请结合权威公开信息作答，并提示用户以经办机构或主管部门最新规定为准。,glm_4.7_flashx_auto,,GLM-4.7-flashx auto-generated response. Latency: 18.38s. Response length: 739 chars.,medium,,medium,ps-043,,https://www.samr.gov.cn/,pl_glm_47_flashx,
,,,,public service,glm_batch,行政执法公示制度中应重点公开哪些要素？ 请结合权威公开信息作答，并提示用户以经办机构或主管部门最新规定为准。,glm_4.7_flashx_auto,,GLM-4.7-flashx auto-generated response. Latency: 50.24s. Response length: 675 chars.,medium,,medium,ps-044,,https://www.samr.gov.cn/zw/zwfb/,pl_glm_47_flashx,
,,,,public service,glm_batch,数字政府建设中政务数据共享与数据安全如何统筹？ 请结合权威公开信息作答，并提示用户以经办机构或主管部门最新规定为准。,glm_4.7_flashx_auto,,GLM-4.7-flashx auto-generated response. Latency: 31.55s. Response length: 847 chars.,medium,,medium,ps-046,,https://www.mee.gov.cn/,pl_glm_47_flashx,
,,,,public service,glm_batch,一体化政务服务平台“跨省通办”事项清单动态管理要点？ 请结合权威公开信息作答，并提示用户以经办机构或主管部门最新规定为准。,glm_4.7_flashx_auto,,GLM-4.7-flashx auto-generated response. Latency: 20.61s. Response length: 319 chars.,medium,,medium,ps-047,,https://www.mee.gov.cn/zcwj/gwywj/202508/t20250827_1126207.shtml,pl_glm_47_flashx,
,,,,public service,glm_batch,电子证照法律效力与纸质证照关系应如何向企业说明？ 请结合权威公开信息作答，并提示用户以经办机构或主管部门最新规定为准。,glm_4.7_flashx_auto,,GLM-4.7-flashx auto-generated response. Latency: 26.13s. Response length: 0 chars.,medium,,medium,ps-048,,https://www.mca.gov.cn/,pl_glm_47_flashx,
,,,,public service,glm_batch,政务服务“好差评”结果在绩效考核中如何合理使用？ 请结合权威公开信息作答，并提示用户以经办机构或主管部门最新规定为准。,glm_4.7_flashx_auto,,GLM-4.7-flashx auto-generated response. Latency: 23.31s. Response length: 545 chars.,medium,,medium,ps-049,,https://www.mca.gov.cn/n152/n165/c166/,pl_glm_47_flashx,
,,,,public service,glm_batch,公共资源交易平台整合共享对企业投标成本有何影响？ 请结合权威公开信息作答，并提示用户以经办机构或主管部门最新规定为准。,glm_4.7_flashx_auto,,GLM-4.7-flashx auto-generated response. Latency: 16.15s. Response length: 529 chars.,medium,,medium,ps-050,,https://www.mohrss.gov.cn/SYrlzyhshbzk/,pl_glm_47_flashx,
