task_id,policy_id,run_id,annotator_id,quality_score,correctness_score,completeness_score,risk_score,hallucination_flag,human_time_base_min,human_time_ai_min,review_effort_min,notes
ps-001,pl_spark_ultra,test_each,claude_auto_evaluation,9,9,9,6,0,25,12,12,AI自动标注 - 响应长度: 918字符
ps-001,pl_spark_ultra,spark_batch,claude_auto_evaluation,9,9,9,6,0,25,12,12,AI自动标注 - 响应长度: 807字符
ps-001,pl_spark_max,spark_batch,claude_auto_evaluation,8,8,9,6,0,25,11,12,AI自动标注 - 响应长度: 797字符
ps-002,pl_spark_ultra,spark_batch,claude_auto_evaluation,9,9,10,6,0,25,17,12,AI自动标注 - 响应长度: 1855字符
ps-002,pl_spark_max,spark_batch,claude_auto_evaluation,9,9,10,6,0,25,19,12,AI自动标注 - 响应长度: 2253字符
ps-003,pl_spark_ultra,spark_batch,claude_auto_evaluation,9,9,9,5,0,25,12,12,AI自动标注 - 响应长度: 890字符
ps-003,pl_spark_max,spark_batch,claude_auto_evaluation,9,9,9,5,0,25,12,12,AI自动标注 - 响应长度: 808字符
ps-004,pl_spark_ultra,spark_batch,claude_auto_evaluation,9,9,9,6,0,25,13,12,AI自动标注 - 响应长度: 1052字符
ps-004,pl_spark_max,spark_batch,claude_auto_evaluation,8,8,9,6,0,25,10,12,AI自动标注 - 响应长度: 740字符
ps-005,pl_spark_ultra,spark_batch,claude_auto_evaluation,9,9,9,6,0,25,14,12,AI自动标注 - 响应长度: 1298字符
ps-005,pl_spark_max,spark_batch,claude_auto_evaluation,9,9,9,6,0,25,13,12,AI自动标注 - 响应长度: 1166字符
ps-006,pl_spark_ultra,spark_batch,claude_auto_evaluation,9,9,9,6,0,25,12,12,AI自动标注 - 响应长度: 848字符
ps-006,pl_spark_max,spark_batch,claude_auto_evaluation,8,8,9,6,0,25,10,12,AI自动标注 - 响应长度: 636字符
ps-007,pl_spark_ultra,spark_batch,claude_auto_evaluation,9,9,9,6,0,25,12,12,AI自动标注 - 响应长度: 934字符
ps-007,pl_spark_max,spark_batch,claude_auto_evaluation,8,8,9,6,0,25,9,12,AI自动标注 - 响应长度: 507字符
ps-008,pl_spark_ultra,spark_batch,claude_auto_evaluation,8,8,7,5,0,25,8,12,AI自动标注 - 响应长度: 405字符
ps-008,pl_spark_max,spark_batch,claude_auto_evaluation,8,8,8,5,0,25,8,12,AI自动标注 - 响应长度: 431字符
ps-009,pl_spark_ultra,spark_batch,claude_auto_evaluation,8,8,8,6,0,25,10,12,AI自动标注 - 响应长度: 656字符
ps-009,pl_spark_max,spark_batch,claude_auto_evaluation,8,8,9,6,0,25,9,12,AI自动标注 - 响应长度: 580字符
ps-010,pl_spark_ultra,spark_batch,claude_auto_evaluation,9,9,9,5,0,25,12,12,AI自动标注 - 响应长度: 808字符
ps-010,pl_spark_max,spark_batch,claude_auto_evaluation,9,9,9,5,0,25,12,12,AI自动标注 - 响应长度: 988字符
ps-011,pl_spark_ultra,spark_batch,claude_auto_evaluation,8,8,8,5,0,25,9,12,AI自动标注 - 响应长度: 532字符
ps-011,pl_spark_max,spark_batch,claude_auto_evaluation,8,8,9,5,0,25,9,12,AI自动标注 - 响应长度: 585字符
ps-012,pl_spark_ultra,spark_batch,claude_auto_evaluation,8,8,8,6,0,25,12,12,AI自动标注 - 响应长度: 901字符
ps-012,pl_spark_max,spark_batch,claude_auto_evaluation,9,9,9,6,0,25,14,12,AI自动标注 - 响应长度: 1263字符
ps-013,pl_spark_ultra,spark_batch,claude_auto_evaluation,9,9,9,5,0,25,13,12,AI自动标注 - 响应长度: 1143字符
ps-013,pl_spark_max,spark_batch,claude_auto_evaluation,7,6,7,5,1,25,11,12,AI自动标注 - 响应长度: 781字符
ps-014,pl_spark_ultra,spark_batch,claude_auto_evaluation,8,8,9,5,0,25,10,12,AI自动标注 - 响应长度: 628字符
ps-014,pl_spark_max,spark_batch,claude_auto_evaluation,9,9,9,5,0,25,12,12,AI自动标注 - 响应长度: 826字符
ps-015,pl_spark_ultra,spark_batch,claude_auto_evaluation,8,8,8,6,0,25,9,12,AI自动标注 - 响应长度: 503字符
ps-015,pl_spark_max,spark_batch,claude_auto_evaluation,9,9,9,6,0,25,14,12,AI自动标注 - 响应长度: 1292字符
ps-016,pl_spark_ultra,spark_batch,claude_auto_evaluation,9,9,9,6,0,25,12,12,AI自动标注 - 响应长度: 864字符
ps-016,pl_spark_max,spark_batch,claude_auto_evaluation,9,9,9,6,0,25,12,12,AI自动标注 - 响应长度: 865字符
ps-017,pl_spark_ultra,spark_batch,claude_auto_evaluation,9,9,9,5,0,25,13,12,AI自动标注 - 响应长度: 1081字符
ps-017,pl_spark_max,spark_batch,claude_auto_evaluation,8,7,9,5,0,25,14,12,AI自动标注 - 响应长度: 1391字符
ps-018,pl_spark_ultra,spark_batch,claude_auto_evaluation,9,9,9,6,0,25,12,12,AI自动标注 - 响应长度: 969字符
ps-018,pl_spark_max,spark_batch,claude_auto_evaluation,8,8,8,6,0,25,11,12,AI自动标注 - 响应长度: 754字符
ps-019,pl_spark_ultra,spark_batch,claude_auto_evaluation,8,8,9,5,0,25,9,12,AI自动标注 - 响应长度: 488字符
ps-019,pl_spark_max,spark_batch,claude_auto_evaluation,8,8,9,5,0,25,10,12,AI自动标注 - 响应长度: 695字符
ps-020,pl_spark_ultra,spark_batch,claude_auto_evaluation,8,8,9,5,0,25,10,12,AI自动标注 - 响应长度: 624字符
ps-020,pl_spark_max,spark_batch,claude_auto_evaluation,8,8,9,5,0,25,8,12,AI自动标注 - 响应长度: 397字符
ps-021,pl_spark_ultra,spark_batch,claude_auto_evaluation,9,9,9,5,0,25,12,12,AI自动标注 - 响应长度: 897字符
ps-021,pl_spark_max,spark_batch,claude_auto_evaluation,9,9,9,5,0,25,12,12,AI自动标注 - 响应长度: 975字符
ps-022,pl_spark_ultra,spark_batch,claude_auto_evaluation,8,8,9,5,0,25,10,12,AI自动标注 - 响应长度: 649字符
ps-022,pl_spark_max,spark_batch,claude_auto_evaluation,9,9,9,5,0,25,14,12,AI自动标注 - 响应长度: 1236字符
ps-023,pl_spark_ultra,spark_batch,claude_auto_evaluation,9,9,9,5,0,25,13,12,AI自动标注 - 响应长度: 1097字符
ps-023,pl_spark_max,spark_batch,claude_auto_evaluation,7,6,8,5,1,25,9,12,AI自动标注 - 响应长度: 460字符
ps-024,pl_spark_ultra,spark_batch,claude_auto_evaluation,8,8,7,5,0,25,8,12,AI自动标注 - 响应长度: 385字符
ps-024,pl_spark_max,spark_batch,claude_auto_evaluation,8,7,9,5,0,25,12,12,AI自动标注 - 响应长度: 936字符
ps-025,pl_spark_ultra,spark_batch,claude_auto_evaluation,9,9,9,5,0,25,12,12,AI自动标注 - 响应长度: 843字符
ps-025,pl_spark_max,spark_batch,claude_auto_evaluation,9,9,9,5,0,25,12,12,AI自动标注 - 响应长度: 929字符
ps-026,pl_spark_ultra,spark_batch,claude_auto_evaluation,8,8,9,5,0,25,11,12,AI自动标注 - 响应长度: 786字符
ps-026,pl_spark_max,spark_batch,claude_auto_evaluation,8,8,8,5,0,25,14,12,AI自动标注 - 响应长度: 1341字符
ps-027,pl_spark_max,spark_batch,claude_auto_evaluation,9,9,10,5,0,25,15,12,AI自动标注 - 响应长度: 1572字符
ps-028,pl_spark_ultra,spark_batch,claude_auto_evaluation,9,9,9,5,0,25,13,12,AI自动标注 - 响应长度: 1036字符
ps-028,pl_spark_max,spark_batch,claude_auto_evaluation,8,8,9,5,0,25,8,12,AI自动标注 - 响应长度: 441字符
ps-029,pl_spark_ultra,spark_batch,claude_auto_evaluation,9,9,9,5,0,25,14,12,AI自动标注 - 响应长度: 1237字符
ps-029,pl_spark_max,spark_batch,claude_auto_evaluation,8,8,9,5,0,25,8,12,AI自动标注 - 响应长度: 420字符
ps-030,pl_spark_ultra,spark_batch,claude_auto_evaluation,8,8,8,5,0,25,8,12,AI自动标注 - 响应长度: 370字符
ps-030,pl_spark_max,spark_batch,claude_auto_evaluation,8,8,9,5,0,25,10,12,AI自动标注 - 响应长度: 709字符
ps-031,pl_spark_ultra,spark_batch,claude_auto_evaluation,9,9,10,5,0,25,17,12,AI自动标注 - 响应长度: 1862字符
ps-031,pl_spark_max,spark_batch,claude_auto_evaluation,9,9,9,5,0,25,12,12,AI自动标注 - 响应长度: 919字符
ps-032,pl_spark_ultra,spark_batch,claude_auto_evaluation,9,9,9,5,0,25,13,12,AI自动标注 - 响应长度: 1023字符
ps-032,pl_spark_max,spark_batch,claude_auto_evaluation,9,9,9,5,0,25,12,12,AI自动标注 - 响应长度: 934字符
ps-033,pl_spark_ultra,spark_batch,claude_auto_evaluation,8,8,9,5,0,25,9,12,AI自动标注 - 响应长度: 533字符
ps-033,pl_spark_max,spark_batch,claude_auto_evaluation,7,6,7,5,0,25,8,12,AI自动标注 - 响应长度: 346字符
ps-034,pl_spark_ultra,spark_batch,claude_auto_evaluation,8,8,9,5,0,25,9,12,AI自动标注 - 响应长度: 541字符
ps-034,pl_spark_max,spark_batch,claude_auto_evaluation,7,6,6,5,0,25,9,12,AI自动标注 - 响应长度: 535字符
ps-035,pl_spark_ultra,spark_batch,claude_auto_evaluation,9,9,9,5,0,25,15,12,AI自动标注 - 响应长度: 1402字符
ps-035,pl_spark_max,spark_batch,claude_auto_evaluation,8,7,9,5,1,25,14,12,AI自动标注 - 响应长度: 1220字符
ps-036,pl_spark_ultra,spark_batch,claude_auto_evaluation,8,8,8,5,0,25,8,12,AI自动标注 - 响应长度: 312字符
ps-036,pl_spark_max,spark_batch,claude_auto_evaluation,8,8,7,5,0,25,8,12,AI自动标注 - 响应长度: 308字符
ps-037,pl_spark_ultra,spark_batch,claude_auto_evaluation,9,9,10,6,0,25,16,12,AI自动标注 - 响应长度: 1787字符
ps-037,pl_spark_max,spark_batch,claude_auto_evaluation,9,9,9,6,0,25,14,12,AI自动标注 - 响应长度: 1321字符
ps-038,pl_spark_ultra,spark_batch,claude_auto_evaluation,9,9,9,5,0,25,12,12,AI自动标注 - 响应长度: 880字符
ps-038,pl_spark_max,spark_batch,claude_auto_evaluation,9,9,9,5,0,25,13,12,AI自动标注 - 响应长度: 1082字符
ps-039,pl_spark_ultra,spark_batch,claude_auto_evaluation,9,9,9,5,0,25,12,12,AI自动标注 - 响应长度: 852字符
ps-039,pl_spark_max,spark_batch,claude_auto_evaluation,9,9,9,5,0,25,13,12,AI自动标注 - 响应长度: 1172字符
ps-040,pl_spark_ultra,spark_batch,claude_auto_evaluation,8,8,8,5,0,25,8,12,AI自动标注 - 响应长度: 434字符
ps-040,pl_spark_max,spark_batch,claude_auto_evaluation,8,8,8,5,0,25,8,12,AI自动标注 - 响应长度: 327字符
ps-041,pl_spark_ultra,spark_batch,claude_auto_evaluation,9,9,9,5,0,25,12,12,AI自动标注 - 响应长度: 885字符
ps-041,pl_spark_max,spark_batch,claude_auto_evaluation,9,9,10,5,0,25,16,12,AI自动标注 - 响应长度: 1676字符
ps-042,pl_spark_ultra,spark_batch,claude_auto_evaluation,7,7,7,5,0,25,8,12,AI自动标注 - 响应长度: 315字符
ps-042,pl_spark_max,spark_batch,claude_auto_evaluation,9,9,9,5,0,25,14,12,AI自动标注 - 响应长度: 1247字符
ps-043,pl_spark_ultra,spark_batch,claude_auto_evaluation,9,9,9,5,0,25,14,12,AI自动标注 - 响应长度: 1334字符
ps-043,pl_spark_max,spark_batch,claude_auto_evaluation,8,8,9,5,0,25,9,12,AI自动标注 - 响应长度: 496字符
ps-044,pl_spark_ultra,spark_batch,claude_auto_evaluation,8,8,9,5,0,25,10,12,AI自动标注 - 响应长度: 617字符
ps-044,pl_spark_max,spark_batch,claude_auto_evaluation,7,6,8,5,0,25,10,12,AI自动标注 - 响应长度: 710字符
ps-045,pl_spark_ultra,spark_batch,claude_auto_evaluation,8,8,8,5,0,25,13,12,AI自动标注 - 响应长度: 1019字符
ps-045,pl_spark_max,spark_batch,claude_auto_evaluation,7,6,7,5,1,25,10,12,AI自动标注 - 响应长度: 645字符
ps-046,pl_spark_ultra,spark_batch,claude_auto_evaluation,8,8,9,5,0,25,9,12,AI自动标注 - 响应长度: 482字符
ps-046,pl_spark_max,spark_batch,claude_auto_evaluation,9,9,10,5,0,25,17,12,AI自动标注 - 响应长度: 1912字符
ps-047,pl_spark_ultra,spark_batch,claude_auto_evaluation,7,6,8,5,1,25,10,12,AI自动标注 - 响应长度: 703字符
ps-047,pl_spark_max,spark_batch,claude_auto_evaluation,9,9,9,5,0,25,13,12,AI自动标注 - 响应长度: 1110字符
ps-048,pl_spark_ultra,spark_batch,claude_auto_evaluation,6,6,5,6,0,25,9,12,AI自动标注 - 响应长度: 226字符
ps-048,pl_spark_max,spark_batch,claude_auto_evaluation,8,8,8,6,0,25,10,12,AI自动标注 - 响应长度: 720字符
ps-049,pl_spark_ultra,spark_batch,claude_auto_evaluation,8,8,8,5,0,25,10,12,AI自动标注 - 响应长度: 692字符
ps-049,pl_spark_max,spark_batch,claude_auto_evaluation,7,6,8,5,0,25,10,12,AI自动标注 - 响应长度: 747字符
ps-050,pl_spark_ultra,spark_batch,claude_auto_evaluation,8,8,8,5,0,25,8,12,AI自动标注 - 响应长度: 375字符
ps-050,pl_spark_max,spark_batch,claude_auto_evaluation,9,9,9,5,0,25,12,12,AI自动标注 - 响应长度: 946字符
ps-027,pl_spark_ultra,spark_batch,claude_auto_evaluation,9,9,10,5,0,25,18,12,AI自动标注 - 响应长度: 2011字符
ps-051,pl_spark_ultra,spark_batch,claude_auto_evaluation,8,8,9,5,0,25,10,12,AI自动标注 - 响应长度: 679字符
ps-051,pl_spark_max,spark_batch,claude_auto_evaluation,8,8,9,5,0,25,11,12,AI自动标注 - 响应长度: 787字符
ps-052,pl_spark_ultra,spark_batch,claude_auto_evaluation,9,9,9,5,0,25,12,12,AI自动标注 - 响应长度: 920字符
ps-052,pl_spark_max,spark_batch,claude_auto_evaluation,8,8,8,5,0,25,12,12,AI自动标注 - 响应长度: 948字符
ps-053,pl_spark_ultra,spark_batch,claude_auto_evaluation,9,9,10,5,0,25,17,12,AI自动标注 - 响应长度: 1974字符
ps-053,pl_spark_max,spark_batch,claude_auto_evaluation,8,8,8,5,0,25,12,12,AI自动标注 - 响应长度: 904字符
ps-054,pl_spark_ultra,spark_batch,claude_auto_evaluation,9,9,9,5,0,25,12,12,AI自动标注 - 响应长度: 895字符
ps-054,pl_spark_max,spark_batch,claude_auto_evaluation,8,8,9,5,0,25,9,12,AI自动标注 - 响应长度: 516字符
ps-055,pl_spark_ultra,spark_batch,claude_auto_evaluation,9,9,9,5,0,25,13,12,AI自动标注 - 响应长度: 1065字符
ps-055,pl_spark_max,spark_batch,claude_auto_evaluation,9,9,9,5,0,25,13,12,AI自动标注 - 响应长度: 1089字符
ps-056,pl_spark_ultra,spark_batch,claude_auto_evaluation,9,9,9,6,0,25,12,12,AI自动标注 - 响应长度: 864字符
ps-056,pl_spark_max,spark_batch,claude_auto_evaluation,8,8,9,6,0,25,11,12,AI自动标注 - 响应长度: 786字符
ps-057,pl_spark_ultra,spark_batch,claude_auto_evaluation,9,9,9,5,0,25,12,12,AI自动标注 - 响应长度: 917字符
ps-057,pl_spark_max,spark_batch,claude_auto_evaluation,8,8,9,5,0,25,10,12,AI自动标注 - 响应长度: 702字符
ps-058,pl_spark_ultra,spark_batch,claude_auto_evaluation,9,9,10,5,0,25,18,12,AI自动标注 - 响应长度: 2030字符
ps-058,pl_spark_max,spark_batch,claude_auto_evaluation,9,9,9,5,0,25,12,12,AI自动标注 - 响应长度: 814字符
ps-059,pl_spark_ultra,spark_batch,claude_auto_evaluation,8,8,7,5,0,25,9,12,AI自动标注 - 响应长度: 464字符
ps-059,pl_spark_max,spark_batch,claude_auto_evaluation,9,9,9,5,0,25,12,12,AI自动标注 - 响应长度: 895字符
ps-060,pl_spark_ultra,spark_batch,claude_auto_evaluation,9,9,9,5,0,25,13,12,AI自动标注 - 响应长度: 1010字符
ps-060,pl_spark_max,spark_batch,claude_auto_evaluation,8,7,9,5,1,25,14,12,AI自动标注 - 响应长度: 1281字符
ps-061,pl_spark_ultra,spark_batch,claude_auto_evaluation,8,8,9,5,0,25,9,12,AI自动标注 - 响应长度: 497字符
ps-061,pl_spark_max,spark_batch,claude_auto_evaluation,8,8,9,5,0,25,10,12,AI自动标注 - 响应长度: 651字符
ps-062,pl_spark_ultra,spark_batch,claude_auto_evaluation,9,9,9,6,0,25,12,12,AI自动标注 - 响应长度: 960字符
ps-062,pl_spark_max,spark_batch,claude_auto_evaluation,9,9,10,6,0,25,16,12,AI自动标注 - 响应长度: 1749字符
ps-063,pl_spark_ultra,spark_batch,claude_auto_evaluation,9,9,9,5,0,25,13,12,AI自动标注 - 响应长度: 1147字符
ps-063,pl_spark_max,spark_batch,claude_auto_evaluation,8,8,9,5,0,25,9,12,AI自动标注 - 响应长度: 564字符
ps-064,pl_spark_ultra,spark_batch,claude_auto_evaluation,9,9,9,5,0,25,14,12,AI自动标注 - 响应长度: 1209字符
ps-064,pl_spark_max,spark_batch,claude_auto_evaluation,9,9,9,5,0,25,14,12,AI自动标注 - 响应长度: 1373字符
ps-065,pl_spark_max,spark_batch,claude_auto_evaluation,9,9,10,6,0,25,17,12,AI自动标注 - 响应长度: 1935字符
ps-066,pl_spark_ultra,spark_batch,claude_auto_evaluation,8,8,9,5,0,25,11,12,AI自动标注 - 响应长度: 757字符
ps-066,pl_spark_max,spark_batch,claude_auto_evaluation,8,7,9,5,0,25,14,12,AI自动标注 - 响应长度: 1301字符
ps-067,pl_spark_ultra,spark_batch,claude_auto_evaluation,8,8,9,5,0,25,10,12,AI自动标注 - 响应长度: 614字符
ps-067,pl_spark_max,spark_batch,claude_auto_evaluation,8,7,9,5,1,25,13,12,AI自动标注 - 响应长度: 1044字符
ps-068,pl_spark_ultra,spark_batch,claude_auto_evaluation,9,9,9,5,0,25,14,12,AI自动标注 - 响应长度: 1358字符
ps-068,pl_spark_max,spark_batch,claude_auto_evaluation,9,9,9,5,0,25,13,12,AI自动标注 - 响应长度: 1058字符
ps-069,pl_spark_ultra,spark_batch,claude_auto_evaluation,9,9,9,5,0,25,12,12,AI自动标注 - 响应长度: 896字符
ps-069,pl_spark_max,spark_batch,claude_auto_evaluation,8,8,9,5,0,25,8,12,AI自动标注 - 响应长度: 374字符
ps-070,pl_spark_ultra,spark_batch,claude_auto_evaluation,9,9,9,5,0,25,12,12,AI自动标注 - 响应长度: 921字符
ps-070,pl_spark_max,spark_batch,claude_auto_evaluation,9,9,9,5,0,25,13,12,AI自动标注 - 响应长度: 1007字符
es-001,pl_spark_ultra,spark_batch,claude_auto_evaluation,8,8,9,6,0,35,9,17,AI自动标注 - 响应长度: 576字符
es-001,pl_spark_max,spark_batch,claude_auto_evaluation,8,8,9,6,0,35,9,17,AI自动标注 - 响应长度: 558字符
es-002,pl_spark_ultra,spark_batch,claude_auto_evaluation,8,8,9,6,0,35,9,17,AI自动标注 - 响应长度: 556字符
es-002,pl_spark_max,spark_batch,claude_auto_evaluation,5,5,4,6,0,35,8,17,AI自动标注 - 响应长度: 180字符
es-003,pl_spark_ultra,spark_batch,claude_auto_evaluation,8,8,8,6,0,35,8,17,AI自动标注 - 响应长度: 406字符
es-003,pl_spark_max,spark_batch,claude_auto_evaluation,5,5,4,6,0,35,7,17,AI自动标注 - 响应长度: 124字符
es-004,pl_spark_ultra,spark_batch,claude_auto_evaluation,8,8,9,6,0,35,9,17,AI自动标注 - 响应长度: 481字符
es-004,pl_spark_max,spark_batch,claude_auto_evaluation,9,9,9,6,0,35,13,17,AI自动标注 - 响应长度: 1104字符
es-005,pl_spark_ultra,spark_batch,claude_auto_evaluation,8,8,9,6,0,35,10,17,AI自动标注 - 响应长度: 658字符
es-005,pl_spark_max,spark_batch,claude_auto_evaluation,8,6,9,6,0,35,13,17,AI自动标注 - 响应长度: 1087字符
es-006,pl_spark_ultra,spark_batch,claude_auto_evaluation,8,8,8,6,0,35,8,17,AI自动标注 - 响应长度: 449字符
es-006,pl_spark_max,spark_batch,claude_auto_evaluation,8,8,9,6,0,35,10,17,AI自动标注 - 响应长度: 729字符
es-007,pl_spark_ultra,spark_batch,claude_auto_evaluation,8,8,9,6,0,35,9,17,AI自动标注 - 响应长度: 499字符
es-007,pl_spark_max,spark_batch,claude_auto_evaluation,1,1,1,4,0,35,35,3,AI自动标注 - 响应过短: 0字符
es-008,pl_spark_ultra,spark_batch,claude_auto_evaluation,9,9,9,6,0,35,12,17,AI自动标注 - 响应长度: 805字符
es-008,pl_spark_max,spark_batch,claude_auto_evaluation,9,9,10,6,0,35,17,17,AI自动标注 - 响应长度: 1827字符
es-009,pl_spark_ultra,spark_batch,claude_auto_evaluation,8,8,8,6,0,35,8,17,AI自动标注 - 响应长度: 392字符
es-009,pl_spark_max,spark_batch,claude_auto_evaluation,9,9,9,6,0,35,12,17,AI自动标注 - 响应长度: 865字符
es-010,pl_spark_ultra,spark_batch,claude_auto_evaluation,8,8,9,6,0,35,9,17,AI自动标注 - 响应长度: 591字符
es-010,pl_spark_max,spark_batch,claude_auto_evaluation,9,9,10,6,0,35,16,17,AI自动标注 - 响应长度: 1765字符
es-011,pl_spark_ultra,spark_batch,claude_auto_evaluation,9,9,9,6,0,35,13,17,AI自动标注 - 响应长度: 1154字符
es-011,pl_spark_max,spark_batch,claude_auto_evaluation,8,8,8,6,0,35,8,17,AI自动标注 - 响应长度: 341字符
es-012,pl_spark_ultra,spark_batch,claude_auto_evaluation,9,9,9,6,0,35,12,17,AI自动标注 - 响应长度: 958字符
es-012,pl_spark_max,spark_batch,claude_auto_evaluation,9,9,10,6,0,35,15,17,AI自动标注 - 响应长度: 1599字符
es-013,pl_spark_ultra,spark_batch,claude_auto_evaluation,8,8,9,6,0,35,10,17,AI自动标注 - 响应长度: 606字符
es-013,pl_spark_max,spark_batch,claude_auto_evaluation,9,9,9,6,0,35,12,17,AI自动标注 - 响应长度: 831字符
es-014,pl_spark_ultra,spark_batch,claude_auto_evaluation,8,8,7,6,0,35,8,17,AI自动标注 - 响应长度: 328字符
es-014,pl_spark_max,spark_batch,claude_auto_evaluation,8,8,9,6,0,35,9,17,AI自动标注 - 响应长度: 488字符
es-015,pl_spark_ultra,spark_batch,claude_auto_evaluation,8,8,9,6,0,35,10,17,AI自动标注 - 响应长度: 722字符
es-015,pl_spark_max,spark_batch,claude_auto_evaluation,8,8,9,6,0,35,10,17,AI自动标注 - 响应长度: 647字符
es-016,pl_spark_ultra,spark_batch,claude_auto_evaluation,8,8,8,6,0,35,10,17,AI自动标注 - 响应长度: 654字符
es-016,pl_spark_max,spark_batch,claude_auto_evaluation,8,8,9,6,0,35,11,17,AI自动标注 - 响应长度: 752字符
es-017,pl_spark_ultra,spark_batch,claude_auto_evaluation,8,8,7,6,0,35,9,17,AI自动标注 - 响应长度: 475字符
es-017,pl_spark_max,spark_batch,claude_auto_evaluation,8,8,9,6,0,35,8,17,AI自动标注 - 响应长度: 418字符
es-018,pl_spark_ultra,spark_batch,claude_auto_evaluation,8,8,9,6,0,35,9,17,AI自动标注 - 响应长度: 547字符
es-018,pl_spark_max,spark_batch,claude_auto_evaluation,9,9,9,6,0,35,14,17,AI自动标注 - 响应长度: 1248字符
es-019,pl_spark_ultra,spark_batch,claude_auto_evaluation,8,8,8,6,0,35,9,17,AI自动标注 - 响应长度: 559字符
es-019,pl_spark_max,spark_batch,claude_auto_evaluation,9,9,9,6,0,35,13,17,AI自动标注 - 响应长度: 1108字符
es-020,pl_spark_ultra,spark_batch,claude_auto_evaluation,8,8,8,6,0,35,9,17,AI自动标注 - 响应长度: 524字符
es-020,pl_spark_max,spark_batch,claude_auto_evaluation,8,8,8,6,0,35,15,17,AI自动标注 - 响应长度: 1463字符
es-021,pl_spark_ultra,spark_batch,claude_auto_evaluation,8,8,9,6,0,35,9,17,AI自动标注 - 响应长度: 505字符
es-021,pl_spark_max,spark_batch,claude_auto_evaluation,8,8,8,6,0,35,10,17,AI自动标注 - 响应长度: 736字符
es-022,pl_spark_ultra,spark_batch,claude_auto_evaluation,8,8,8,6,0,35,9,17,AI自动标注 - 响应长度: 503字符
es-022,pl_spark_max,spark_batch,claude_auto_evaluation,9,9,9,6,0,35,11,17,AI自动标注 - 响应长度: 800字符
es-023,pl_spark_max,spark_batch,claude_auto_evaluation,5,5,4,6,0,35,8,17,AI自动标注 - 响应长度: 157字符
es-024,pl_spark_ultra,spark_batch,claude_auto_evaluation,8,8,8,6,0,35,9,17,AI自动标注 - 响应长度: 488字符
es-024,pl_spark_max,spark_batch,claude_auto_evaluation,5,4,4,6,0,35,8,17,AI自动标注 - 响应长度: 186字符
es-025,pl_spark_ultra,spark_batch,claude_auto_evaluation,8,8,8,6,0,35,9,17,AI自动标注 - 响应长度: 512字符
es-025,pl_spark_max,spark_batch,claude_auto_evaluation,8,8,9,6,0,35,9,17,AI自动标注 - 响应长度: 495字符
es-026,pl_spark_ultra,spark_batch,claude_auto_evaluation,9,9,9,6,0,35,13,17,AI自动标注 - 响应长度: 1028字符
es-026,pl_spark_max,spark_batch,claude_auto_evaluation,8,6,9,6,1,35,13,17,AI自动标注 - 响应长度: 1080字符
es-027,pl_spark_ultra,spark_batch,claude_auto_evaluation,6,6,5,6,0,35,10,17,AI自动标注 - 响应长度: 283字符
es-027,pl_spark_max,spark_batch,claude_auto_evaluation,8,8,9,6,0,35,8,17,AI自动标注 - 响应长度: 387字符
es-028,pl_spark_max,spark_batch,claude_auto_evaluation,5,5,4,6,0,35,7,17,AI自动标注 - 响应长度: 132字符
es-029,pl_spark_ultra,spark_batch,claude_auto_evaluation,6,5,5,6,0,35,10,17,AI自动标注 - 响应长度: 271字符
es-029,pl_spark_max,spark_batch,claude_auto_evaluation,8,6,9,6,0,35,19,17,AI自动标注 - 响应长度: 2372字符
es-030,pl_spark_ultra,spark_batch,claude_auto_evaluation,8,8,8,6,0,35,12,17,AI自动标注 - 响应长度: 857字符
es-030,pl_spark_max,spark_batch,claude_auto_evaluation,8,8,8,6,0,35,12,17,AI自动标注 - 响应长度: 834字符
es-031,pl_spark_ultra,spark_batch,claude_auto_evaluation,8,8,8,6,0,35,8,17,AI自动标注 - 响应长度: 444字符
es-031,pl_spark_max,spark_batch,claude_auto_evaluation,8,8,9,6,0,35,9,17,AI自动标注 - 响应长度: 498字符
es-032,pl_spark_ultra,spark_batch,claude_auto_evaluation,8,8,8,6,0,35,11,17,AI自动标注 - 响应长度: 756字符
es-032,pl_spark_max,spark_batch,claude_auto_evaluation,9,9,9,6,0,35,14,17,AI自动标注 - 响应长度: 1236字符
es-033,pl_spark_ultra,spark_batch,claude_auto_evaluation,9,9,9,6,0,35,12,17,AI自动标注 - 响应长度: 993字符
es-033,pl_spark_max,spark_batch,claude_auto_evaluation,8,8,9,6,0,35,10,17,AI自动标注 - 响应长度: 735字符
es-034,pl_spark_max,spark_batch,claude_auto_evaluation,8,6,9,6,1,35,13,17,AI自动标注 - 响应长度: 1106字符
es-035,pl_spark_ultra,spark_batch,claude_auto_evaluation,8,8,9,6,0,35,8,17,AI自动标注 - 响应长度: 377字符
es-035,pl_spark_max,spark_batch,claude_auto_evaluation,8,8,9,6,0,35,10,17,AI自动标注 - 响应长度: 692字符
es-036,pl_spark_ultra,spark_batch,claude_auto_evaluation,6,6,6,6,0,35,10,17,AI自动标注 - 响应长度: 293字符
es-036,pl_spark_max,spark_batch,claude_auto_evaluation,8,8,9,6,0,35,10,17,AI自动标注 - 响应长度: 715字符
es-037,pl_spark_ultra,spark_batch,claude_auto_evaluation,8,8,8,6,0,35,10,17,AI自动标注 - 响应长度: 743字符
es-037,pl_spark_max,spark_batch,claude_auto_evaluation,7,6,7,6,0,35,9,17,AI自动标注 - 响应长度: 562字符
es-038,pl_spark_ultra,spark_batch,claude_auto_evaluation,8,8,8,6,0,35,8,17,AI自动标注 - 响应长度: 347字符
es-038,pl_spark_max,spark_batch,claude_auto_evaluation,8,8,7,6,0,35,8,17,AI自动标注 - 响应长度: 350字符
es-039,pl_spark_ultra,spark_batch,claude_auto_evaluation,8,8,9,6,0,35,9,17,AI自动标注 - 响应长度: 592字符
es-039,pl_spark_max,spark_batch,claude_auto_evaluation,8,8,9,6,0,35,10,17,AI自动标注 - 响应长度: 630字符
es-040,pl_spark_ultra,spark_batch,claude_auto_evaluation,8,8,8,6,0,35,13,17,AI自动标注 - 响应长度: 1190字符
es-040,pl_spark_max,spark_batch,claude_auto_evaluation,9,9,9,6,0,35,12,17,AI自动标注 - 响应长度: 896字符
es-041,pl_spark_ultra,spark_batch,claude_auto_evaluation,8,8,9,6,0,35,11,17,AI自动标注 - 响应长度: 751字符
es-041,pl_spark_max,spark_batch,claude_auto_evaluation,8,8,9,6,0,35,9,17,AI自动标注 - 响应长度: 568字符
es-042,pl_spark_ultra,spark_batch,claude_auto_evaluation,8,8,9,6,0,35,10,17,AI自动标注 - 响应长度: 690字符
es-042,pl_spark_max,spark_batch,claude_auto_evaluation,9,9,9,6,0,35,13,17,AI自动标注 - 响应长度: 1168字符
es-043,pl_spark_ultra,spark_batch,claude_auto_evaluation,8,8,8,6,0,35,9,17,AI自动标注 - 响应长度: 551字符
es-043,pl_spark_max,spark_batch,claude_auto_evaluation,8,8,8,6,0,35,14,17,AI自动标注 - 响应长度: 1254字符
es-044,pl_spark_ultra,spark_batch,claude_auto_evaluation,8,8,9,6,0,35,9,17,AI自动标注 - 响应长度: 452字符
es-044,pl_spark_max,spark_batch,claude_auto_evaluation,8,8,8,6,0,35,14,17,AI自动标注 - 响应长度: 1298字符
es-045,pl_spark_ultra,spark_batch,claude_auto_evaluation,8,8,7,6,0,35,8,17,AI自动标注 - 响应长度: 372字符
es-045,pl_spark_max,spark_batch,claude_auto_evaluation,9,9,9,6,0,35,15,17,AI自动标注 - 响应长度: 1450字符
es-046,pl_spark_ultra,spark_batch,claude_auto_evaluation,8,8,9,6,0,35,10,17,AI自动标注 - 响应长度: 669字符
es-046,pl_spark_max,spark_batch,claude_auto_evaluation,9,9,10,6,0,35,15,17,AI自动标注 - 响应长度: 1593字符
es-047,pl_spark_ultra,spark_batch,claude_auto_evaluation,8,8,8,6,0,35,12,17,AI自动标注 - 响应长度: 891字符
es-047,pl_spark_max,spark_batch,claude_auto_evaluation,9,9,9,6,0,35,14,17,AI自动标注 - 响应长度: 1375字符
es-048,pl_spark_ultra,spark_batch,claude_auto_evaluation,9,9,10,6,0,35,15,17,AI自动标注 - 响应长度: 1590字符
es-048,pl_spark_max,spark_batch,claude_auto_evaluation,9,9,9,6,0,35,14,17,AI自动标注 - 响应长度: 1310字符
es-049,pl_spark_ultra,spark_batch,claude_auto_evaluation,8,8,8,6,0,35,11,17,AI自动标注 - 响应长度: 800字符
es-049,pl_spark_max,spark_batch,claude_auto_evaluation,9,9,9,6,0,35,13,17,AI自动标注 - 响应长度: 1077字符
es-050,pl_spark_ultra,spark_batch,claude_auto_evaluation,8,8,8,6,0,35,9,17,AI自动标注 - 响应长度: 517字符
es-050,pl_spark_max,spark_batch,claude_auto_evaluation,8,8,8,6,0,35,9,17,AI自动标注 - 响应长度: 584字符
es-051,pl_spark_ultra,spark_batch,claude_auto_evaluation,8,8,7,6,0,35,8,17,AI自动标注 - 响应长度: 401字符
es-051,pl_spark_max,spark_batch,claude_auto_evaluation,9,9,9,6,0,35,12,17,AI自动标注 - 响应长度: 980字符
es-052,pl_spark_ultra,spark_batch,claude_auto_evaluation,8,8,9,6,0,35,11,17,AI自动标注 - 响应长度: 786字符
es-052,pl_spark_max,spark_batch,claude_auto_evaluation,6,6,7,6,0,35,10,17,AI自动标注 - 响应长度: 284字符
es-053,pl_spark_ultra,spark_batch,claude_auto_evaluation,8,8,8,6,0,35,10,17,AI自动标注 - 响应长度: 655字符
es-053,pl_spark_max,spark_batch,claude_auto_evaluation,9,9,9,6,0,35,15,17,AI自动标注 - 响应长度: 1451字符
es-054,pl_spark_ultra,spark_batch,claude_auto_evaluation,9,9,9,6,0,35,12,17,AI自动标注 - 响应长度: 948字符
es-054,pl_spark_max,spark_batch,claude_auto_evaluation,9,9,9,6,0,35,12,17,AI自动标注 - 响应长度: 977字符
es-055,pl_spark_ultra,spark_batch,claude_auto_evaluation,8,8,8,6,0,35,9,17,AI自动标注 - 响应长度: 541字符
es-055,pl_spark_max,spark_batch,claude_auto_evaluation,9,9,9,6,0,35,13,17,AI自动标注 - 响应长度: 1004字符
es-056,pl_spark_ultra,spark_batch,claude_auto_evaluation,8,8,9,6,0,35,8,17,AI自动标注 - 响应长度: 342字符
es-056,pl_spark_max,spark_batch,claude_auto_evaluation,8,8,9,6,0,35,9,17,AI自动标注 - 响应长度: 477字符
es-057,pl_spark_ultra,spark_batch,claude_auto_evaluation,9,9,10,6,0,35,16,17,AI自动标注 - 响应长度: 1622字符
es-057,pl_spark_max,spark_batch,claude_auto_evaluation,9,9,10,6,0,35,16,17,AI自动标注 - 响应长度: 1651字符
es-058,pl_spark_ultra,spark_batch,claude_auto_evaluation,8,8,9,6,0,35,10,17,AI自动标注 - 响应长度: 645字符
es-058,pl_spark_max,spark_batch,claude_auto_evaluation,9,9,10,6,0,35,15,17,AI自动标注 - 响应长度: 1538字符
es-059,pl_spark_ultra,spark_batch,claude_auto_evaluation,6,6,7,6,0,35,8,17,AI自动标注 - 响应长度: 185字符
es-059,pl_spark_max,spark_batch,claude_auto_evaluation,8,8,9,6,0,35,10,17,AI自动标注 - 响应长度: 626字符
es-060,pl_spark_ultra,spark_batch,claude_auto_evaluation,8,8,9,6,0,35,8,17,AI自动标注 - 响应长度: 329字符
es-060,pl_spark_max,spark_batch,claude_auto_evaluation,9,9,9,6,0,35,13,17,AI自动标注 - 响应长度: 1181字符
es-061,pl_spark_ultra,spark_batch,claude_auto_evaluation,8,8,7,6,0,35,8,17,AI自动标注 - 响应长度: 428字符
es-061,pl_spark_max,spark_batch,claude_auto_evaluation,9,9,9,6,0,35,14,17,AI自动标注 - 响应长度: 1309字符
es-062,pl_spark_ultra,spark_batch,claude_auto_evaluation,9,9,9,6,0,35,13,17,AI自动标注 - 响应长度: 1112字符
es-062,pl_spark_max,spark_batch,claude_auto_evaluation,9,9,10,6,0,35,16,17,AI自动标注 - 响应长度: 1654字符
es-063,pl_spark_ultra,spark_batch,claude_auto_evaluation,8,8,8,6,0,35,9,17,AI自动标注 - 响应长度: 486字符
es-063,pl_spark_max,spark_batch,claude_auto_evaluation,5,5,4,6,0,35,8,17,AI自动标注 - 响应长度: 178字符
es-064,pl_spark_ultra,spark_batch,claude_auto_evaluation,9,9,9,6,0,35,12,17,AI自动标注 - 响应长度: 840字符
es-064,pl_spark_max,spark_batch,claude_auto_evaluation,9,9,10,6,0,35,15,17,AI自动标注 - 响应长度: 1576字符
es-065,pl_spark_max,spark_batch,claude_auto_evaluation,9,9,9,6,0,35,14,17,AI自动标注 - 响应长度: 1290字符
es-066,pl_spark_ultra,spark_batch,claude_auto_evaluation,9,9,10,6,0,35,15,17,AI自动标注 - 响应长度: 1512字符
es-066,pl_spark_max,spark_batch,claude_auto_evaluation,9,9,9,6,0,35,14,17,AI自动标注 - 响应长度: 1362字符
es-067,pl_spark_ultra,spark_batch,claude_auto_evaluation,8,8,9,6,0,35,10,17,AI自动标注 - 响应长度: 620字符
es-067,pl_spark_max,spark_batch,claude_auto_evaluation,9,9,9,6,0,35,12,17,AI自动标注 - 响应长度: 941字符
es-068,pl_spark_ultra,spark_batch,claude_auto_evaluation,8,8,8,6,0,35,9,17,AI自动标注 - 响应长度: 565字符
es-068,pl_spark_max,spark_batch,claude_auto_evaluation,9,9,9,6,0,35,12,17,AI自动标注 - 响应长度: 831字符
es-069,pl_spark_ultra,spark_batch,claude_auto_evaluation,9,9,9,6,0,35,13,17,AI自动标注 - 响应长度: 1128字符
es-069,pl_spark_max,spark_batch,claude_auto_evaluation,9,9,10,6,0,35,18,17,AI自动标注 - 响应长度: 2072字符
es-070,pl_spark_ultra,spark_batch,claude_auto_evaluation,9,9,9,6,0,35,14,17,AI自动标注 - 响应长度: 1205字符
es-070,pl_spark_max,spark_batch,claude_auto_evaluation,9,9,9,6,0,35,12,17,AI自动标注 - 响应长度: 807字符
mfg-001,pl_spark_ultra,spark_batch,claude_auto_evaluation,8,8,9,5,0,30,10,15,AI自动标注 - 响应长度: 663字符
mfg-001,pl_spark_max,spark_batch,claude_auto_evaluation,7,6,8,5,0,30,8,15,AI自动标注 - 响应长度: 445字符
mfg-002,pl_spark_ultra,spark_batch,claude_auto_evaluation,9,9,9,5,0,30,12,15,AI自动标注 - 响应长度: 953字符
mfg-002,pl_spark_max,spark_batch,claude_auto_evaluation,7,6,8,5,0,30,9,15,AI自动标注 - 响应长度: 511字符
mfg-003,pl_spark_ultra,spark_batch,claude_auto_evaluation,7,6,8,5,0,30,8,15,AI自动标注 - 响应长度: 416字符
mfg-003,pl_spark_max,spark_batch,claude_auto_evaluation,7,6,8,5,0,30,8,15,AI自动标注 - 响应长度: 364字符
mfg-004,pl_spark_ultra,spark_batch,claude_auto_evaluation,8,8,9,5,0,30,9,15,AI自动标注 - 响应长度: 582字符
mfg-004,pl_spark_max,spark_batch,claude_auto_evaluation,7,6,8,5,1,30,8,15,AI自动标注 - 响应长度: 329字符
mfg-005,pl_spark_ultra,spark_batch,claude_auto_evaluation,7,6,8,5,0,30,10,15,AI自动标注 - 响应长度: 648字符
mfg-005,pl_spark_max,spark_batch,claude_auto_evaluation,8,8,9,5,0,30,9,15,AI自动标注 - 响应长度: 454字符
mfg-006,pl_spark_ultra,spark_batch,claude_auto_evaluation,7,6,7,5,0,30,10,15,AI自动标注 - 响应长度: 721字符
mfg-006,pl_spark_max,spark_batch,claude_auto_evaluation,7,6,7,5,0,30,8,15,AI自动标注 - 响应长度: 429字符
mfg-007,pl_spark_max,spark_batch,claude_auto_evaluation,7,6,7,5,0,30,8,15,AI自动标注 - 响应长度: 394字符
mfg-008,pl_spark_ultra,spark_batch,claude_auto_evaluation,7,6,8,5,0,30,10,15,AI自动标注 - 响应长度: 729字符
mfg-008,pl_spark_max,spark_batch,claude_auto_evaluation,7,6,8,5,0,30,9,15,AI自动标注 - 响应长度: 462字符
mfg-009,pl_spark_ultra,spark_batch,claude_auto_evaluation,7,6,8,5,0,30,9,15,AI自动标注 - 响应长度: 482字符
mfg-009,pl_spark_max,spark_batch,claude_auto_evaluation,7,6,8,5,0,30,8,15,AI自动标注 - 响应长度: 374字符
mfg-010,pl_spark_ultra,spark_batch,claude_auto_evaluation,7,6,8,5,0,30,9,15,AI自动标注 - 响应长度: 520字符
mfg-010,pl_spark_max,spark_batch,claude_auto_evaluation,5,4,4,5,0,30,8,15,AI自动标注 - 响应长度: 164字符
mfg-011,pl_spark_ultra,spark_batch,claude_auto_evaluation,7,6,8,5,0,30,10,15,AI自动标注 - 响应长度: 685字符
mfg-011,pl_spark_max,spark_batch,claude_auto_evaluation,8,7,9,5,1,30,14,15,AI自动标注 - 响应长度: 1271字符
mfg-012,pl_spark_ultra,spark_batch,claude_auto_evaluation,9,9,9,5,0,30,14,15,AI自动标注 - 响应长度: 1277字符
mfg-012,pl_spark_max,spark_batch,claude_auto_evaluation,7,6,7,5,0,30,9,15,AI自动标注 - 响应长度: 534字符
mfg-013,pl_spark_ultra,spark_batch,claude_auto_evaluation,8,7,9,5,0,30,15,15,AI自动标注 - 响应长度: 1411字符
mfg-013,pl_spark_max,spark_batch,claude_auto_evaluation,7,6,7,5,0,30,8,15,AI自动标注 - 响应长度: 333字符
mfg-014,pl_spark_ultra,spark_batch,claude_auto_evaluation,7,6,8,5,0,30,8,15,AI自动标注 - 响应长度: 425字符
mfg-014,pl_spark_max,spark_batch,claude_auto_evaluation,7,6,8,5,0,30,9,15,AI自动标注 - 响应长度: 514字符
mfg-015,pl_spark_max,spark_batch,claude_auto_evaluation,7,6,8,5,0,30,11,15,AI自动标注 - 响应长度: 300字符
mfg-016,pl_spark_ultra,spark_batch,claude_auto_evaluation,8,8,9,5,0,30,10,15,AI自动标注 - 响应长度: 641字符
mfg-016,pl_spark_max,spark_batch,claude_auto_evaluation,7,6,8,5,0,30,8,15,AI自动标注 - 响应长度: 416字符
mfg-017,pl_spark_ultra,spark_batch,claude_auto_evaluation,8,8,9,5,0,30,9,15,AI自动标注 - 响应长度: 465字符
mfg-017,pl_spark_max,spark_batch,claude_auto_evaluation,5,4,5,5,0,30,6,15,AI自动标注 - 响应长度: 95字符
mfg-018,pl_spark_ultra,spark_batch,claude_auto_evaluation,7,6,8,5,0,30,9,15,AI自动标注 - 响应长度: 492字符
mfg-018,pl_spark_max,spark_batch,claude_auto_evaluation,7,6,7,5,0,30,8,15,AI自动标注 - 响应长度: 348字符
mfg-019,pl_spark_ultra,spark_batch,claude_auto_evaluation,8,7,8,5,1,30,13,15,AI自动标注 - 响应长度: 1078字符
mfg-019,pl_spark_max,spark_batch,claude_auto_evaluation,8,8,8,5,0,30,10,15,AI自动标注 - 响应长度: 645字符
mfg-020,pl_spark_ultra,spark_batch,claude_auto_evaluation,7,6,8,5,0,30,9,15,AI自动标注 - 响应长度: 485字符
mfg-020,pl_spark_max,spark_batch,claude_auto_evaluation,7,6,8,5,0,30,9,15,AI自动标注 - 响应长度: 469字符
mfg-021,pl_spark_ultra,spark_batch,claude_auto_evaluation,7,6,8,5,0,30,9,15,AI自动标注 - 响应长度: 592字符
mfg-021,pl_spark_max,spark_batch,claude_auto_evaluation,7,6,8,5,0,30,10,15,AI自动标注 - 响应长度: 607字符
mfg-022,pl_spark_ultra,spark_batch,claude_auto_evaluation,8,8,8,5,0,30,9,15,AI自动标注 - 响应长度: 476字符
mfg-022,pl_spark_max,spark_batch,claude_auto_evaluation,8,8,7,5,0,30,8,15,AI自动标注 - 响应长度: 327字符
mfg-023,pl_spark_ultra,spark_batch,claude_auto_evaluation,9,9,9,5,0,30,13,15,AI自动标注 - 响应长度: 1043字符
mfg-023,pl_spark_max,spark_batch,claude_auto_evaluation,7,6,8,5,0,30,9,15,AI自动标注 - 响应长度: 583字符
mfg-024,pl_spark_ultra,spark_batch,claude_auto_evaluation,7,6,7,5,0,30,8,15,AI自动标注 - 响应长度: 411字符
mfg-024,pl_spark_max,spark_batch,claude_auto_evaluation,6,5,6,5,0,30,10,15,AI自动标注 - 响应长度: 266字符
mfg-025,pl_spark_ultra,spark_batch,claude_auto_evaluation,8,7,9,5,0,30,14,15,AI自动标注 - 响应长度: 1274字符
mfg-025,pl_spark_max,spark_batch,claude_auto_evaluation,8,7,9,5,1,30,17,15,AI自动标注 - 响应长度: 1983字符
mfg-026,pl_spark_ultra,spark_batch,claude_auto_evaluation,8,7,9,5,0,30,12,15,AI自动标注 - 响应长度: 966字符
mfg-026,pl_spark_max,spark_batch,claude_auto_evaluation,5,4,4,5,0,30,7,15,AI自动标注 - 响应长度: 122字符
mfg-027,pl_spark_ultra,spark_batch,claude_auto_evaluation,9,9,9,5,0,30,13,15,AI自动标注 - 响应长度: 1064字符
mfg-027,pl_spark_max,spark_batch,claude_auto_evaluation,8,7,9,5,0,30,14,15,AI自动标注 - 响应长度: 1210字符
mfg-028,pl_spark_ultra,spark_batch,claude_auto_evaluation,9,9,9,5,0,30,14,15,AI自动标注 - 响应长度: 1254字符
mfg-028,pl_spark_max,spark_batch,claude_auto_evaluation,5,4,4,5,0,30,9,15,AI自动标注 - 响应长度: 244字符
mfg-029,pl_spark_ultra,spark_batch,claude_auto_evaluation,8,8,9,5,0,30,10,15,AI自动标注 - 响应长度: 729字符
mfg-029,pl_spark_max,spark_batch,claude_auto_evaluation,7,6,8,5,0,30,9,15,AI自动标注 - 响应长度: 525字符
mfg-030,pl_spark_ultra,spark_batch,claude_auto_evaluation,8,7,8,5,0,30,12,15,AI自动标注 - 响应长度: 831字符
mfg-030,pl_spark_max,spark_batch,claude_auto_evaluation,7,6,8,5,0,30,8,15,AI自动标注 - 响应长度: 421字符
edu-001,pl_spark_ultra,spark_batch,claude_auto_evaluation,7,6,8,3,0,20,8,10,AI自动标注 - 响应长度: 427字符
edu-001,pl_spark_max,spark_batch,claude_auto_evaluation,6,5,6,3,0,20,7,10,AI自动标注 - 响应长度: 114字符
edu-002,pl_spark_ultra,spark_batch,claude_auto_evaluation,8,7,9,3,0,20,12,10,AI自动标注 - 响应长度: 921字符
edu-002,pl_spark_max,spark_batch,claude_auto_evaluation,5,4,4,3,0,20,8,10,AI自动标注 - 响应长度: 177字符
edu-003,pl_spark_ultra,spark_batch,claude_auto_evaluation,8,8,9,3,0,20,11,10,AI自动标注 - 响应长度: 756字符
edu-003,pl_spark_max,spark_batch,claude_auto_evaluation,8,7,9,3,0,20,12,10,AI自动标注 - 响应长度: 989字符
edu-004,pl_spark_ultra,spark_batch,claude_auto_evaluation,8,8,8,3,0,20,9,10,AI自动标注 - 响应长度: 482字符
edu-004,pl_spark_max,spark_batch,claude_auto_evaluation,7,6,8,3,0,20,8,10,AI自动标注 - 响应长度: 367字符
edu-005,pl_spark_ultra,spark_batch,claude_auto_evaluation,8,8,9,3,0,20,9,10,AI自动标注 - 响应长度: 581字符
edu-005,pl_spark_max,spark_batch,claude_auto_evaluation,8,8,9,3,0,20,10,10,AI自动标注 - 响应长度: 666字符
edu-006,pl_spark_ultra,spark_batch,claude_auto_evaluation,6,6,5,3,0,20,10,10,AI自动标注 - 响应长度: 277字符
edu-006,pl_spark_max,spark_batch,claude_auto_evaluation,7,6,8,3,0,20,8,10,AI自动标注 - 响应长度: 303字符
edu-007,pl_spark_ultra,spark_batch,claude_auto_evaluation,8,8,8,3,0,20,8,10,AI自动标注 - 响应长度: 424字符
edu-007,pl_spark_max,spark_batch,claude_auto_evaluation,7,6,8,3,0,20,8,10,AI自动标注 - 响应长度: 378字符
edu-008,pl_spark_ultra,spark_batch,claude_auto_evaluation,7,6,8,3,0,20,10,10,AI自动标注 - 响应长度: 736字符
edu-008,pl_spark_max,spark_batch,claude_auto_evaluation,7,6,7,3,0,20,9,10,AI自动标注 - 响应长度: 459字符
edu-009,pl_spark_ultra,spark_batch,claude_auto_evaluation,7,6,8,3,0,20,10,10,AI自动标注 - 响应长度: 713字符
edu-009,pl_spark_max,spark_batch,claude_auto_evaluation,9,9,9,3,0,20,13,10,AI自动标注 - 响应长度: 1076字符
edu-010,pl_spark_ultra,spark_batch,claude_auto_evaluation,8,8,9,6,0,20,10,10,AI自动标注 - 响应长度: 748字符
edu-010,pl_spark_max,spark_batch,claude_auto_evaluation,7,6,8,6,0,20,9,10,AI自动标注 - 响应长度: 533字符
edu-011,pl_spark_ultra,spark_batch,claude_auto_evaluation,7,6,8,3,0,20,9,10,AI自动标注 - 响应长度: 557字符
edu-011,pl_spark_max,spark_batch,claude_auto_evaluation,8,7,9,3,0,20,15,10,AI自动标注 - 响应长度: 1452字符
edu-012,pl_spark_ultra,spark_batch,claude_auto_evaluation,8,7,9,3,1,20,15,10,AI自动标注 - 响应长度: 1420字符
edu-012,pl_spark_max,spark_batch,claude_auto_evaluation,7,6,7,3,0,20,8,10,AI自动标注 - 响应长度: 401字符
edu-013,pl_spark_ultra,spark_batch,claude_auto_evaluation,8,8,9,3,0,20,9,10,AI自动标注 - 响应长度: 454字符
edu-013,pl_spark_max,spark_batch,claude_auto_evaluation,5,5,4,3,0,20,7,10,AI自动标注 - 响应长度: 139字符
edu-014,pl_spark_ultra,spark_batch,claude_auto_evaluation,8,8,8,3,0,20,8,10,AI自动标注 - 响应长度: 447字符
edu-014,pl_spark_max,spark_batch,claude_auto_evaluation,6,6,7,3,0,20,10,10,AI自动标注 - 响应长度: 262字符
edu-015,pl_spark_ultra,spark_batch,claude_auto_evaluation,7,6,8,3,1,20,10,10,AI自动标注 - 响应长度: 666字符
edu-015,pl_spark_max,spark_batch,claude_auto_evaluation,7,6,8,3,0,20,10,10,AI自动标注 - 响应长度: 677字符
edu-016,pl_spark_ultra,spark_batch,claude_auto_evaluation,8,7,8,3,0,20,12,10,AI自动标注 - 响应长度: 879字符
edu-016,pl_spark_max,spark_batch,claude_auto_evaluation,7,6,7,3,0,20,8,10,AI自动标注 - 响应长度: 357字符
edu-017,pl_spark_ultra,spark_batch,claude_auto_evaluation,8,8,9,3,0,20,10,10,AI自动标注 - 响应长度: 630字符
edu-017,pl_spark_max,spark_batch,claude_auto_evaluation,7,6,8,3,0,20,8,10,AI自动标注 - 响应长度: 370字符
edu-018,pl_spark_ultra,spark_batch,claude_auto_evaluation,8,8,9,6,0,20,9,10,AI自动标注 - 响应长度: 596字符
edu-018,pl_spark_max,spark_batch,claude_auto_evaluation,8,6,9,6,1,20,16,10,AI自动标注 - 响应长度: 1768字符
edu-019,pl_spark_ultra,spark_batch,claude_auto_evaluation,8,7,9,3,0,20,14,10,AI自动标注 - 响应长度: 1271字符
edu-019,pl_spark_max,spark_batch,claude_auto_evaluation,7,6,8,3,0,20,8,10,AI自动标注 - 响应长度: 387字符
edu-020,pl_spark_ultra,spark_batch,claude_auto_evaluation,7,6,8,3,0,20,9,10,AI自动标注 - 响应长度: 575字符
edu-020,pl_spark_max,spark_batch,claude_auto_evaluation,6,5,6,3,0,20,10,10,AI自动标注 - 响应长度: 291字符
code-001,pl_spark_ultra,spark_batch,claude_auto_evaluation,7,6,7,3,1,20,9,10,AI自动标注 - 响应长度: 504字符
code-001,pl_spark_max,spark_batch,claude_auto_evaluation,5,4,4,3,1,20,8,10,AI自动标注 - 响应长度: 166字符
code-002,pl_spark_ultra,spark_batch,claude_auto_evaluation,7,6,6,3,0,20,11,10,AI自动标注 - 响应长度: 751字符
code-002,pl_spark_max,spark_batch,claude_auto_evaluation,7,6,7,3,0,20,8,10,AI自动标注 - 响应长度: 435字符
code-003,pl_spark_ultra,spark_batch,claude_auto_evaluation,7,6,7,3,0,20,8,10,AI自动标注 - 响应长度: 421字符
code-003,pl_spark_max,spark_batch,claude_auto_evaluation,6,5,5,3,0,20,10,10,AI自动标注 - 响应长度: 270字符
code-004,pl_spark_ultra,spark_batch,claude_auto_evaluation,7,6,7,3,0,20,8,10,AI自动标注 - 响应长度: 416字符
code-004,pl_spark_max,spark_batch,claude_auto_evaluation,8,7,8,3,1,20,17,10,AI自动标注 - 响应长度: 1891字符
code-005,pl_spark_ultra,spark_batch,claude_auto_evaluation,8,8,9,3,0,20,10,10,AI自动标注 - 响应长度: 626字符
code-005,pl_spark_max,spark_batch,claude_auto_evaluation,7,6,7,3,0,20,10,10,AI自动标注 - 响应长度: 621字符
code-006,pl_spark_ultra,spark_batch,claude_auto_evaluation,7,6,7,3,0,20,10,10,AI自动标注 - 响应长度: 734字符
code-006,pl_spark_max,spark_batch,claude_auto_evaluation,7,6,8,3,0,20,9,10,AI自动标注 - 响应长度: 592字符
code-007,pl_spark_ultra,spark_batch,claude_auto_evaluation,7,6,7,3,1,20,8,10,AI自动标注 - 响应长度: 369字符
code-007,pl_spark_max,spark_batch,claude_auto_evaluation,8,7,8,3,1,20,12,10,AI自动标注 - 响应长度: 857字符
code-008,pl_spark_ultra,spark_batch,claude_auto_evaluation,6,5,5,3,0,20,10,10,AI自动标注 - 响应长度: 294字符
code-008,pl_spark_max,spark_batch,claude_auto_evaluation,7,6,7,3,0,20,10,10,AI自动标注 - 响应长度: 625字符
code-009,pl_spark_ultra,spark_batch,claude_auto_evaluation,6,5,5,3,0,20,9,10,AI自动标注 - 响应长度: 218字符
code-009,pl_spark_max,spark_batch,claude_auto_evaluation,5,4,4,3,1,20,7,10,AI自动标注 - 响应长度: 115字符
code-010,pl_spark_ultra,spark_batch,claude_auto_evaluation,6,5,5,3,0,20,9,10,AI自动标注 - 响应长度: 226字符
code-010,pl_spark_max,spark_batch,claude_auto_evaluation,7,6,7,3,0,20,10,10,AI自动标注 - 响应长度: 661字符
code-011,pl_spark_ultra,spark_batch,claude_auto_evaluation,7,6,8,3,1,20,11,10,AI自动标注 - 响应长度: 753字符
code-011,pl_spark_max,spark_batch,claude_auto_evaluation,8,7,8,3,0,20,14,10,AI自动标注 - 响应长度: 1284字符
code-012,pl_spark_ultra,spark_batch,claude_auto_evaluation,7,6,7,3,0,20,10,10,AI自动标注 - 响应长度: 617字符
code-012,pl_spark_max,spark_batch,claude_auto_evaluation,7,6,6,3,0,20,8,10,AI自动标注 - 响应长度: 314字符
code-013,pl_spark_ultra,spark_batch,claude_auto_evaluation,7,6,6,3,0,20,9,10,AI自动标注 - 响应长度: 462字符
code-013,pl_spark_max,spark_batch,claude_auto_evaluation,6,5,5,3,0,20,10,10,AI自动标注 - 响应长度: 255字符
code-014,pl_spark_ultra,spark_batch,claude_auto_evaluation,7,6,8,3,0,20,10,10,AI自动标注 - 响应长度: 687字符
code-014,pl_spark_max,spark_batch,claude_auto_evaluation,7,6,8,3,0,20,9,10,AI自动标注 - 响应长度: 454字符
code-015,pl_spark_ultra,spark_batch,claude_auto_evaluation,7,6,8,3,0,20,10,10,AI自动标注 - 响应长度: 738字符
code-015,pl_spark_max,spark_batch,claude_auto_evaluation,8,7,8,3,0,20,12,10,AI自动标注 - 响应长度: 917字符
code-016,pl_spark_ultra,spark_batch,claude_auto_evaluation,7,6,7,3,1,20,10,10,AI自动标注 - 响应长度: 672字符
code-016,pl_spark_max,spark_batch,claude_auto_evaluation,7,6,7,3,1,20,9,10,AI自动标注 - 响应长度: 460字符
code-017,pl_spark_ultra,spark_batch,claude_auto_evaluation,5,4,4,3,0,20,10,10,AI自动标注 - 响应长度: 262字符
code-017,pl_spark_max,spark_batch,claude_auto_evaluation,6,5,6,3,0,20,9,10,AI自动标注 - 响应长度: 488字符
code-018,pl_spark_ultra,spark_batch,claude_auto_evaluation,7,6,6,3,0,20,8,10,AI自动标注 - 响应长度: 313字符
code-018,pl_spark_max,spark_batch,claude_auto_evaluation,7,6,8,3,0,20,10,10,AI自动标注 - 响应长度: 685字符
code-019,pl_spark_ultra,spark_batch,claude_auto_evaluation,7,6,7,3,1,20,11,10,AI自动标注 - 响应长度: 770字符
code-019,pl_spark_max,spark_batch,claude_auto_evaluation,6,5,5,3,0,20,10,10,AI自动标注 - 响应长度: 258字符
code-020,pl_spark_ultra,spark_batch,claude_auto_evaluation,8,7,8,3,0,20,14,10,AI自动标注 - 响应长度: 1269字符
code-020,pl_spark_max,spark_batch,claude_auto_evaluation,7,6,8,3,0,20,9,10,AI自动标注 - 响应长度: 531字符
ceval-001,pl_spark_max,spark_batch,claude_auto_evaluation,1,1,1,3,0,5,5,3,AI自动标注 - 响应过短: 0字符
ceval-002,pl_spark_ultra,spark_batch,claude_auto_evaluation,7,8,7,3,0,5,6,3,AI自动标注 - 响应长度: 288字符
ceval-002,pl_spark_max,spark_batch,claude_auto_evaluation,1,1,1,3,0,5,5,3,AI自动标注 - 响应过短: 6字符
ceval-003,pl_spark_ultra,spark_batch,claude_auto_evaluation,8,9,7,3,0,5,6,3,AI自动标注 - 响应长度: 592字符
ceval-003,pl_spark_max,spark_batch,claude_auto_evaluation,1,1,1,3,0,5,5,3,AI自动标注 - 响应过短: 6字符
ceval-004,pl_spark_ultra,spark_batch,claude_auto_evaluation,1,1,1,3,0,5,5,3,AI自动标注 - 响应过短: 1字符
ceval-004,pl_spark_max,spark_batch,claude_auto_evaluation,1,1,1,3,0,5,5,3,AI自动标注 - 响应过短: 1字符
ceval-005,pl_spark_max,spark_batch,claude_auto_evaluation,1,1,1,3,0,5,5,3,AI自动标注 - 响应过短: 1字符
ceval-006,pl_spark_ultra,spark_batch,claude_auto_evaluation,1,1,1,3,0,5,5,3,AI自动标注 - 响应过短: 1字符
ceval-006,pl_spark_max,spark_batch,claude_auto_evaluation,1,1,1,3,0,5,5,3,AI自动标注 - 响应过短: 1字符
ceval-007,pl_spark_ultra,spark_batch,claude_auto_evaluation,8,9,7,3,0,5,6,3,AI自动标注 - 响应长度: 835字符
ceval-007,pl_spark_max,spark_batch,claude_auto_evaluation,1,1,1,3,0,5,5,3,AI自动标注 - 响应过短: 1字符
ceval-008,pl_spark_ultra,spark_batch,claude_auto_evaluation,1,1,1,3,0,5,6,3,AI自动标注 - 响应长度: 11字符
ceval-008,pl_spark_max,spark_batch,claude_auto_evaluation,1,1,1,3,0,5,6,3,AI自动标注 - 响应长度: 10字符
ceval-009,pl_spark_ultra,spark_batch,claude_auto_evaluation,7,8,7,3,0,5,6,3,AI自动标注 - 响应长度: 253字符
ceval-009,pl_spark_max,spark_batch,claude_auto_evaluation,1,1,1,3,0,5,5,3,AI自动标注 - 响应过短: 8字符
ceval-010,pl_spark_ultra,spark_batch,claude_auto_evaluation,8,9,7,3,0,5,6,3,AI自动标注 - 响应长度: 317字符
ceval-010,pl_spark_max,spark_batch,claude_auto_evaluation,1,1,1,3,0,5,5,3,AI自动标注 - 响应过短: 1字符
ceval-011,pl_spark_ultra,spark_batch,claude_auto_evaluation,1,1,1,3,0,5,5,3,AI自动标注 - 响应过短: 1字符
ceval-011,pl_spark_max,spark_batch,claude_auto_evaluation,8,9,7,3,0,5,6,3,AI自动标注 - 响应长度: 347字符
ceval-012,pl_spark_ultra,spark_batch,claude_auto_evaluation,1,1,1,3,0,5,5,3,AI自动标注 - 响应过短: 1字符
ceval-012,pl_spark_max,spark_batch,claude_auto_evaluation,1,1,1,3,0,5,5,3,AI自动标注 - 响应过短: 5字符
ceval-013,pl_spark_ultra,spark_batch,claude_auto_evaluation,1,1,1,3,0,5,5,3,AI自动标注 - 响应过短: 1字符
ceval-013,pl_spark_max,spark_batch,claude_auto_evaluation,1,1,1,3,0,5,5,3,AI自动标注 - 响应过短: 1字符
ceval-014,pl_spark_ultra,spark_batch,claude_auto_evaluation,1,1,1,3,0,5,5,3,AI自动标注 - 响应过短: 1字符
ceval-014,pl_spark_max,spark_batch,claude_auto_evaluation,1,1,1,3,0,5,5,3,AI自动标注 - 响应过短: 1字符
ceval-015,pl_spark_ultra,spark_batch,claude_auto_evaluation,1,1,1,3,0,5,5,3,AI自动标注 - 响应过短: 1字符
ceval-015,pl_spark_max,spark_batch,claude_auto_evaluation,1,1,1,3,0,5,5,3,AI自动标注 - 响应过短: 1字符
ceval-016,pl_spark_ultra,spark_batch,claude_auto_evaluation,7,8,7,3,0,5,6,3,AI自动标注 - 响应长度: 281字符
ceval-016,pl_spark_max,spark_batch,claude_auto_evaluation,1,1,1,3,0,5,5,3,AI自动标注 - 响应过短: 1字符
ceval-017,pl_spark_max,spark_batch,claude_auto_evaluation,1,1,1,3,0,5,5,3,AI自动标注 - 响应过短: 0字符
ceval-018,pl_spark_ultra,spark_batch,claude_auto_evaluation,8,9,7,3,0,5,6,3,AI自动标注 - 响应长度: 383字符
ceval-018,pl_spark_max,spark_batch,claude_auto_evaluation,1,1,1,3,0,5,5,3,AI自动标注 - 响应过短: 7字符
ceval-019,pl_spark_ultra,spark_batch,claude_auto_evaluation,1,1,1,3,0,5,6,3,AI自动标注 - 响应长度: 14字符
ceval-019,pl_spark_max,spark_batch,claude_auto_evaluation,1,1,1,3,0,5,5,3,AI自动标注 - 响应过短: 1字符
ceval-020,pl_spark_ultra,spark_batch,claude_auto_evaluation,1,1,1,3,0,5,5,3,AI自动标注 - 响应过短: 1字符
ceval-020,pl_spark_max,spark_batch,claude_auto_evaluation,7,8,7,3,0,5,6,3,AI自动标注 - 响应长度: 250字符
ceval-021,pl_spark_ultra,spark_batch,claude_auto_evaluation,1,1,1,3,0,5,5,3,AI自动标注 - 响应过短: 1字符
ceval-021,pl_spark_max,spark_batch,claude_auto_evaluation,1,1,1,3,0,5,5,3,AI自动标注 - 响应过短: 7字符
ceval-022,pl_spark_ultra,spark_batch,claude_auto_evaluation,8,9,7,3,0,5,6,3,AI自动标注 - 响应长度: 415字符
ceval-022,pl_spark_max,spark_batch,claude_auto_evaluation,1,1,1,3,0,5,5,3,AI自动标注 - 响应过短: 0字符
ceval-023,pl_spark_max,spark_batch,claude_auto_evaluation,8,9,7,3,0,5,6,3,AI自动标注 - 响应长度: 322字符
ceval-024,pl_spark_ultra,spark_batch,claude_auto_evaluation,8,9,7,3,0,5,6,3,AI自动标注 - 响应长度: 622字符
ceval-024,pl_spark_max,spark_batch,claude_auto_evaluation,1,1,1,3,0,5,5,3,AI自动标注 - 响应过短: 7字符
ceval-025,pl_spark_ultra,spark_batch,claude_auto_evaluation,8,9,7,3,0,5,6,3,AI自动标注 - 响应长度: 496字符
ceval-025,pl_spark_max,spark_batch,claude_auto_evaluation,8,9,7,3,0,5,6,3,AI自动标注 - 响应长度: 432字符
ceval-026,pl_spark_ultra,spark_batch,claude_auto_evaluation,6,7,6,3,0,5,6,3,AI自动标注 - 响应长度: 167字符
ceval-026,pl_spark_max,spark_batch,claude_auto_evaluation,6,7,5,3,0,5,6,3,AI自动标注 - 响应长度: 122字符
ceval-027,pl_spark_ultra,spark_batch,claude_auto_evaluation,7,8,7,3,0,5,6,3,AI自动标注 - 响应长度: 284字符
ceval-027,pl_spark_max,spark_batch,claude_auto_evaluation,1,1,1,3,0,5,5,3,AI自动标注 - 响应过短: 1字符
ceval-028,pl_spark_ultra,spark_batch,claude_auto_evaluation,1,1,1,3,0,5,5,3,AI自动标注 - 响应过短: 8字符
ceval-028,pl_spark_max,spark_batch,claude_auto_evaluation,1,1,1,3,0,5,5,3,AI自动标注 - 响应过短: 1字符
ceval-029,pl_spark_ultra,spark_batch,claude_auto_evaluation,1,1,1,3,0,5,5,3,AI自动标注 - 响应过短: 4字符
ceval-029,pl_spark_max,spark_batch,claude_auto_evaluation,1,1,1,3,0,5,5,3,AI自动标注 - 响应过短: 0字符
ceval-030,pl_spark_max,spark_batch,claude_auto_evaluation,8,9,7,3,0,5,6,3,AI自动标注 - 响应长度: 407字符
ceval-031,pl_spark_ultra,spark_batch,claude_auto_evaluation,1,1,1,3,0,5,5,3,AI自动标注 - 响应过短: 1字符
ceval-031,pl_spark_max,spark_batch,claude_auto_evaluation,1,1,1,3,0,5,5,3,AI自动标注 - 响应过短: 1字符
ceval-032,pl_spark_ultra,spark_batch,claude_auto_evaluation,4,4,3,3,0,5,6,3,AI自动标注 - 响应长度: 33字符
ceval-032,pl_spark_max,spark_batch,claude_auto_evaluation,3,3,2,3,0,5,6,3,AI自动标注 - 响应长度: 29字符
ceval-033,pl_spark_ultra,spark_batch,claude_auto_evaluation,1,1,1,3,0,5,5,3,AI自动标注 - 响应过短: 1字符
ceval-033,pl_spark_max,spark_batch,claude_auto_evaluation,1,1,1,3,0,5,5,3,AI自动标注 - 响应过短: 1字符
ceval-034,pl_spark_ultra,spark_batch,claude_auto_evaluation,8,9,7,3,0,5,6,3,AI自动标注 - 响应长度: 705字符
ceval-034,pl_spark_max,spark_batch,claude_auto_evaluation,1,1,1,3,0,5,5,3,AI自动标注 - 响应过短: 1字符
ceval-035,pl_spark_ultra,spark_batch,claude_auto_evaluation,6,7,5,3,0,5,6,3,AI自动标注 - 响应长度: 149字符
ceval-035,pl_spark_max,spark_batch,claude_auto_evaluation,1,1,1,3,0,5,5,3,AI自动标注 - 响应过短: 9字符
ceval-036,pl_spark_ultra,spark_batch,claude_auto_evaluation,1,1,1,3,0,5,6,3,AI自动标注 - 响应长度: 13字符
ceval-036,pl_spark_max,spark_batch,claude_auto_evaluation,1,1,1,3,0,5,5,3,AI自动标注 - 响应过短: 5字符
ceval-037,pl_spark_max,spark_batch,claude_auto_evaluation,1,1,1,3,0,5,5,3,AI自动标注 - 响应过短: 7字符
ceval-038,pl_spark_ultra,spark_batch,claude_auto_evaluation,3,3,2,3,0,5,6,3,AI自动标注 - 响应长度: 27字符
ceval-038,pl_spark_max,spark_batch,claude_auto_evaluation,1,1,1,3,0,5,5,3,AI自动标注 - 响应过短: 1字符
ceval-039,pl_spark_ultra,spark_batch,claude_auto_evaluation,5,6,4,3,0,5,6,3,AI自动标注 - 响应长度: 69字符
ceval-039,pl_spark_max,spark_batch,claude_auto_evaluation,1,1,1,3,0,5,5,3,AI自动标注 - 响应过短: 1字符
ceval-040,pl_spark_ultra,spark_batch,claude_auto_evaluation,4,4,3,3,0,5,6,3,AI自动标注 - 响应长度: 38字符
ceval-040,pl_spark_max,spark_batch,claude_auto_evaluation,5,6,4,3,0,5,6,3,AI自动标注 - 响应长度: 56字符
ceval-041,pl_spark_ultra,spark_batch,claude_auto_evaluation,1,1,1,3,0,5,5,3,AI自动标注 - 响应过短: 5字符
ceval-041,pl_spark_max,spark_batch,claude_auto_evaluation,1,1,1,3,0,5,5,3,AI自动标注 - 响应过短: 5字符
ceval-042,pl_spark_ultra,spark_batch,claude_auto_evaluation,1,1,1,3,0,5,6,3,AI自动标注 - 响应长度: 11字符
ceval-042,pl_spark_max,spark_batch,claude_auto_evaluation,1,1,1,3,0,5,5,3,AI自动标注 - 响应过短: 0字符
ceval-043,pl_spark_ultra,spark_batch,claude_auto_evaluation,6,7,5,3,0,5,6,3,AI自动标注 - 响应长度: 149字符
ceval-043,pl_spark_max,spark_batch,claude_auto_evaluation,1,1,1,3,0,5,5,3,AI自动标注 - 响应过短: 1字符
ceval-044,pl_spark_ultra,spark_batch,claude_auto_evaluation,6,7,6,3,0,5,6,3,AI自动标注 - 响应长度: 166字符
ceval-044,pl_spark_max,spark_batch,claude_auto_evaluation,1,1,1,3,0,5,5,3,AI自动标注 - 响应过短: 1字符
ceval-045,pl_spark_ultra,spark_batch,claude_auto_evaluation,4,4,3,3,0,5,6,3,AI自动标注 - 响应长度: 38字符
ceval-045,pl_spark_max,spark_batch,claude_auto_evaluation,1,1,1,3,0,5,5,3,AI自动标注 - 响应过短: 1字符
cmmlu-001,pl_spark_ultra,spark_batch,claude_auto_evaluation,6,7,5,3,0,5,6,3,AI自动标注 - 响应长度: 113字符
cmmlu-001,pl_spark_max,spark_batch,claude_auto_evaluation,1,1,1,3,0,5,5,3,AI自动标注 - 响应过短: 4字符
cmmlu-002,pl_spark_ultra,spark_batch,claude_auto_evaluation,1,1,1,3,0,5,5,3,AI自动标注 - 响应过短: 5字符
cmmlu-002,pl_spark_max,spark_batch,claude_auto_evaluation,1,1,1,3,0,5,5,3,AI自动标注 - 响应过短: 1字符
cmmlu-003,pl_spark_ultra,spark_batch,claude_auto_evaluation,1,1,1,3,0,5,5,3,AI自动标注 - 响应过短: 1字符
cmmlu-003,pl_spark_max,spark_batch,claude_auto_evaluation,1,1,1,3,0,5,5,3,AI自动标注 - 响应过短: 4字符
cmmlu-004,pl_spark_ultra,spark_batch,claude_auto_evaluation,1,1,1,3,0,5,5,3,AI自动标注 - 响应过短: 6字符
cmmlu-004,pl_spark_max,spark_batch,claude_auto_evaluation,1,1,1,3,0,5,5,3,AI自动标注 - 响应过短: 5字符
cmmlu-005,pl_spark_ultra,spark_batch,claude_auto_evaluation,1,1,1,3,0,5,5,3,AI自动标注 - 响应过短: 6字符
cmmlu-005,pl_spark_max,spark_batch,claude_auto_evaluation,1,1,1,3,0,5,5,3,AI自动标注 - 响应过短: 6字符
cmmlu-006,pl_spark_ultra,spark_batch,claude_auto_evaluation,1,1,1,3,0,5,5,3,AI自动标注 - 响应过短: 6字符
cmmlu-006,pl_spark_max,spark_batch,claude_auto_evaluation,1,1,1,3,0,5,5,3,AI自动标注 - 响应过短: 6字符
cmmlu-007,pl_spark_max,spark_batch,claude_auto_evaluation,1,1,1,3,0,5,5,3,AI自动标注 - 响应过短: 0字符
cmmlu-008,pl_spark_ultra,spark_batch,claude_auto_evaluation,1,1,1,3,0,5,5,3,AI自动标注 - 响应过短: 5字符
cmmlu-008,pl_spark_max,spark_batch,claude_auto_evaluation,1,1,1,3,0,5,5,3,AI自动标注 - 响应过短: 5字符
cmmlu-009,pl_spark_ultra,spark_batch,claude_auto_evaluation,5,6,4,3,0,5,6,3,AI自动标注 - 响应长度: 51字符
cmmlu-009,pl_spark_max,spark_batch,claude_auto_evaluation,3,3,2,3,0,5,6,3,AI自动标注 - 响应长度: 28字符
cmmlu-010,pl_spark_ultra,spark_batch,claude_auto_evaluation,1,1,1,3,0,5,5,3,AI自动标注 - 响应过短: 5字符
cmmlu-010,pl_spark_max,spark_batch,claude_auto_evaluation,1,1,1,3,0,5,5,3,AI自动标注 - 响应过短: 5字符
cmmlu-011,pl_spark_ultra,spark_batch,claude_auto_evaluation,6,7,5,3,0,5,6,3,AI自动标注 - 响应长度: 118字符
cmmlu-011,pl_spark_max,spark_batch,claude_auto_evaluation,1,1,1,3,0,5,5,3,AI自动标注 - 响应过短: 6字符
cmmlu-012,pl_spark_ultra,spark_batch,claude_auto_evaluation,1,1,1,3,0,5,5,3,AI自动标注 - 响应过短: 7字符
cmmlu-012,pl_spark_max,spark_batch,claude_auto_evaluation,1,1,1,3,0,5,5,3,AI自动标注 - 响应过短: 6字符
cmmlu-013,pl_spark_ultra,spark_batch,claude_auto_evaluation,5,6,4,3,0,5,6,3,AI自动标注 - 响应长度: 69字符
cmmlu-013,pl_spark_max,spark_batch,claude_auto_evaluation,1,1,1,3,0,5,5,3,AI自动标注 - 响应过短: 1字符
cmmlu-014,pl_spark_ultra,spark_batch,claude_auto_evaluation,7,8,7,3,0,5,6,3,AI自动标注 - 响应长度: 296字符
cmmlu-014,pl_spark_max,spark_batch,claude_auto_evaluation,1,1,1,3,0,5,5,3,AI自动标注 - 响应过短: 4字符
cmmlu-015,pl_spark_ultra,spark_batch,claude_auto_evaluation,7,8,7,3,0,5,6,3,AI自动标注 - 响应长度: 292字符
cmmlu-015,pl_spark_max,spark_batch,claude_auto_evaluation,1,1,1,3,0,5,5,3,AI自动标注 - 响应过短: 4字符
cmmlu-016,pl_spark_max,spark_batch,claude_auto_evaluation,1,1,1,3,0,5,5,3,AI自动标注 - 响应过短: 0字符
cmmlu-017,pl_spark_ultra,spark_batch,claude_auto_evaluation,6,7,5,3,0,5,6,3,AI自动标注 - 响应长度: 127字符
cmmlu-017,pl_spark_max,spark_batch,claude_auto_evaluation,1,1,1,3,0,5,5,3,AI自动标注 - 响应过短: 1字符
cmmlu-018,pl_spark_ultra,spark_batch,claude_auto_evaluation,1,1,1,3,0,5,5,3,AI自动标注 - 响应过短: 5字符
cmmlu-018,pl_spark_max,spark_batch,claude_auto_evaluation,1,1,1,3,0,5,5,3,AI自动标注 - 响应过短: 5字符
cmmlu-019,pl_spark_max,spark_batch,claude_auto_evaluation,1,1,1,3,0,5,5,3,AI自动标注 - 响应过短: 0字符
cmmlu-020,pl_spark_max,spark_batch,claude_auto_evaluation,1,1,1,3,0,5,5,3,AI自动标注 - 响应过短: 4字符
cmmlu-021,pl_spark_max,spark_batch,claude_auto_evaluation,1,1,1,3,0,5,5,3,AI自动标注 - 响应过短: 4字符
cmmlu-022,pl_spark_max,spark_batch,claude_auto_evaluation,1,1,1,3,0,5,5,3,AI自动标注 - 响应过短: 5字符
cmmlu-023,pl_spark_max,spark_batch,claude_auto_evaluation,1,1,1,3,0,5,5,3,AI自动标注 - 响应过短: 1字符
cmmlu-024,pl_spark_max,spark_batch,claude_auto_evaluation,2,2,1,3,0,5,6,3,AI自动标注 - 响应长度: 19字符
cmmlu-025,pl_spark_max,spark_batch,claude_auto_evaluation,1,1,1,3,0,5,5,3,AI自动标注 - 响应过短: 7字符
cmmlu-026,pl_spark_max,spark_batch,claude_auto_evaluation,1,1,1,3,0,5,5,3,AI自动标注 - 响应过短: 1字符
cmmlu-027,pl_spark_max,spark_batch,claude_auto_evaluation,1,1,1,3,0,5,5,3,AI自动标注 - 响应过短: 4字符
cmmlu-028,pl_spark_max,spark_batch,claude_auto_evaluation,3,3,2,3,0,5,6,3,AI自动标注 - 响应长度: 29字符
cmmlu-029,pl_spark_max,spark_batch,claude_auto_evaluation,2,2,1,3,0,5,6,3,AI自动标注 - 响应长度: 21字符
cmmlu-030,pl_spark_max,spark_batch,claude_auto_evaluation,1,1,1,3,0,5,5,3,AI自动标注 - 响应过短: 7字符
cmmlu-031,pl_spark_max,spark_batch,claude_auto_evaluation,1,1,1,3,0,5,5,3,AI自动标注 - 响应过短: 5字符
cmmlu-032,pl_spark_max,spark_batch,claude_auto_evaluation,1,1,1,3,0,5,6,3,AI自动标注 - 响应长度: 11字符
cmmlu-033,pl_spark_max,spark_batch,claude_auto_evaluation,1,1,1,3,0,5,5,3,AI自动标注 - 响应过短: 5字符
cmmlu-034,pl_spark_max,spark_batch,claude_auto_evaluation,1,1,1,3,0,5,5,3,AI自动标注 - 响应过短: 0字符
cmmlu-035,pl_spark_max,spark_batch,claude_auto_evaluation,1,1,1,3,0,5,6,3,AI自动标注 - 响应长度: 13字符
cmmlu-036,pl_spark_max,spark_batch,claude_auto_evaluation,4,4,3,3,0,5,6,3,AI自动标注 - 响应长度: 32字符
cmmlu-037,pl_spark_max,spark_batch,claude_auto_evaluation,1,1,1,3,0,5,5,3,AI自动标注 - 响应过短: 0字符
cmmlu-038,pl_spark_max,spark_batch,claude_auto_evaluation,1,1,1,3,0,5,5,3,AI自动标注 - 响应过短: 6字符
cmmlu-039,pl_spark_max,spark_batch,claude_auto_evaluation,1,1,1,3,0,5,5,3,AI自动标注 - 响应过短: 4字符
cmmlu-040,pl_spark_max,spark_batch,claude_auto_evaluation,1,1,1,3,0,5,5,3,AI自动标注 - 响应过短: 5字符
cmmlu-041,pl_spark_max,spark_batch,claude_auto_evaluation,6,7,5,3,0,5,6,3,AI自动标注 - 响应长度: 110字符
cmmlu-042,pl_spark_max,spark_batch,claude_auto_evaluation,1,1,1,3,0,5,5,3,AI自动标注 - 响应过短: 1字符
cmmlu-043,pl_spark_max,spark_batch,claude_auto_evaluation,1,1,1,3,0,5,5,3,AI自动标注 - 响应过短: 1字符
cmmlu-044,pl_spark_max,spark_batch,claude_auto_evaluation,1,1,1,3,0,5,6,3,AI自动标注 - 响应长度: 11字符
cmmlu-045,pl_spark_max,spark_batch,claude_auto_evaluation,8,9,7,3,0,5,6,3,AI自动标注 - 响应长度: 527字符
