task_id,task_text,task_source,sector,expected_answer_hint,risk_class,difficulty_label
ps-001,职工基本医疗保险参保人员办理异地就医备案前，应核对哪些关键信息与材料？ 请结合权威公开信息作答，并提示用户以经办机构或主管部门最新规定为准。,https://www.gov.cn/gongbao/2025/issue_12266/202509/content_7039598.html,public service,以 task_source 栏目及地方政府/经办机构最新办事指南为准；不作个案法律或医疗结论。,medium,medium
ps-002,城乡居民医保参保缴费期与待遇享受期衔接，应注意哪些常见误区？ 请结合权威公开信息作答，并提示用户以经办机构或主管部门最新规定为准。,https://www.nhsa.gov.cn/col/col114/index.html,public service,以 task_source 栏目及地方政府/经办机构最新办事指南为准；不作个案法律或医疗结论。,medium,medium
ps-003,门诊慢特病资格认定与报销流程，一般包含哪些环节？ 请结合权威公开信息作答，并提示用户以经办机构或主管部门最新规定为准。,https://www.nhsa.gov.cn/col/col105/index.html,public service,以 task_source 栏目及地方政府/经办机构最新办事指南为准；不作个案法律或医疗结论。,medium,medium
ps-004,生育保险待遇申领通常需要哪些证明材料与办理渠道？ 请结合权威公开信息作答，并提示用户以经办机构或主管部门最新规定为准。,https://www.nhsa.gov.cn/col/col104/index.html,public service,以 task_source 栏目及地方政府/经办机构最新办事指南为准；不作个案法律或医疗结论。,medium,medium
ps-005,医疗救助对象认定与“一站式”结算，政策要点有哪些？ 请结合权威公开信息作答，并提示用户以经办机构或主管部门最新规定为准。,https://www.nhsa.gov.cn/col/col109/index.html,public service,以 task_source 栏目及地方政府/经办机构最新办事指南为准；不作个案法律或医疗结论。,medium,medium
ps-006,长期护理保险试点地区参保人如何了解本地待遇与评估流程？ 请结合权威公开信息作答，并提示用户以经办机构或主管部门最新规定为准。,https://www.gov.cn/zhengce/zuixin/,public service,以 task_source 栏目及地方政府/经办机构最新办事指南为准；不作个案法律或医疗结论。,medium,medium
ps-007,医保电子凭证与实体社保卡在就医结算中的关系如何理解？ 请结合权威公开信息作答，并提示用户以经办机构或主管部门最新规定为准。,https://www.gov.cn/hudong/index.htm,public service,以 task_source 栏目及地方政府/经办机构最新办事指南为准；不作个案法律或医疗结论。,medium,medium
ps-008,谈判药品“双通道”供药机制对参保患者意味着什么？ 请结合权威公开信息作答，并提示用户以经办机构或主管部门最新规定为准。,https://www.moe.gov.cn/jyb_xxgk/moe_1777/moe_1778/,public service,以 task_source 栏目及地方政府/经办机构最新办事指南为准；不作个案法律或医疗结论。,medium,medium
ps-009,医保基金监管举报投诉渠道与受理范围一般包括哪些？ 请结合权威公开信息作答，并提示用户以经办机构或主管部门最新规定为准。,https://www.moe.gov.cn/jyb_xwfb/xw_fbbm/,public service,以 task_source 栏目及地方政府/经办机构最新办事指南为准；不作个案法律或医疗结论。,medium,medium
ps-010,跨省异地就医直接结算失败时，可按什么顺序自查原因？ 请结合权威公开信息作答，并提示用户以经办机构或主管部门最新规定为准。,https://www.mem.gov.cn/,public service,以 task_source 栏目及地方政府/经办机构最新办事指南为准；不作个案法律或医疗结论。,medium,medium
ps-011,国家组织药品集中带量采购对参保人药费负担的影响应如何客观表述？ 请结合权威公开信息作答，并提示用户以经办机构或主管部门最新规定为准。,https://www.mem.gov.cn/yw/zdgz/ajfb/,public service,以 task_source 栏目及地方政府/经办机构最新办事指南为准；不作个案法律或医疗结论。,medium,medium
ps-012,基本公共卫生服务与基本医疗服务在制度上如何区分？ 请结合权威公开信息作答，并提示用户以经办机构或主管部门最新规定为准。,https://www.samr.gov.cn/,public service,以 task_source 栏目及地方政府/经办机构最新办事指南为准；不作个案法律或医疗结论。,medium,medium
ps-013,传染病疫情信息报告与个人隐私保护之间如何把握平衡？ 请结合权威公开信息作答，并提示用户以经办机构或主管部门最新规定为准。,https://www.samr.gov.cn/zw/zwfb/,public service,以 task_source 栏目及地方政府/经办机构最新办事指南为准；不作个案法律或医疗结论。,medium,medium
ps-014,学校传染病防控中家校协同的常见要点有哪些？ 请结合权威公开信息作答，并提示用户以经办机构或主管部门最新规定为准。,https://www.mnr.gov.cn/,public service,以 task_source 栏目及地方政府/经办机构最新办事指南为准；不作个案法律或医疗结论。,medium,medium
ps-015,预防接种异常反应补偿与民事赔偿关系应如何向群众解释？ 请结合权威公开信息作答，并提示用户以经办机构或主管部门最新规定为准。,https://www.mee.gov.cn/,public service,以 task_source 栏目及地方政府/经办机构最新办事指南为准；不作个案法律或医疗结论。,medium,medium
ps-016,精神卫生法框架下严重精神障碍患者服务管理要点是什么？ 请结合权威公开信息作答，并提示用户以经办机构或主管部门最新规定为准。,https://www.mee.gov.cn/zcwj/gwywj/202508/t20250827_1126207.shtml,public service,以 task_source 栏目及地方政府/经办机构最新办事指南为准；不作个案法律或医疗结论。,medium,medium
ps-017,突发公共卫生事件分级响应启动后，社区可承担哪些配合工作？ 请结合权威公开信息作答，并提示用户以经办机构或主管部门最新规定为准。,https://www.mca.gov.cn/,public service,以 task_source 栏目及地方政府/经办机构最新办事指南为准；不作个案法律或医疗结论。,medium,medium
ps-018,食品安全事故信息通报与舆情回应应注意哪些原则？ 请结合权威公开信息作答，并提示用户以经办机构或主管部门最新规定为准。,https://www.mca.gov.cn/n152/n165/c166/,public service,以 task_source 栏目及地方政府/经办机构最新办事指南为准；不作个案法律或医疗结论。,high,medium
ps-019,饮用水水源保护区管理中的公众参与方式有哪些？ 请结合权威公开信息作答，并提示用户以经办机构或主管部门最新规定为准。,https://www.mohrss.gov.cn/SYrlzyhshbzk/,public service,以 task_source 栏目及地方政府/经办机构最新办事指南为准；不作个案法律或医疗结论。,medium,medium
ps-020,噪声污染防治中“敏感建筑物集中区域”监管要点是什么？ 请结合权威公开信息作答，并提示用户以经办机构或主管部门最新规定为准。,https://www.mohrss.gov.cn/SYrlzyhshbzb/jycyz/,public service,以 task_source 栏目及地方政府/经办机构最新办事指南为准；不作个案法律或医疗结论。,medium,medium
ps-021,生活垃圾分类投放、收集、运输的责任边界如何划分？ 请结合权威公开信息作答，并提示用户以经办机构或主管部门最新规定为准。,https://www.ndrc.gov.cn/,public service,以 task_source 栏目及地方政府/经办机构最新办事指南为准；不作个案法律或医疗结论。,medium,medium
ps-022,危险废物经营许可证制度对产废单位意味着什么？ 请结合权威公开信息作答，并提示用户以经办机构或主管部门最新规定为准。,https://www.ndrc.gov.cn/fggz/,public service,以 task_source 栏目及地方政府/经办机构最新办事指南为准；不作个案法律或医疗结论。,high,medium
ps-023,土壤污染风险管控和修复活动中的信息公开要求有哪些？ 请结合权威公开信息作答，并提示用户以经办机构或主管部门最新规定为准。,https://www.mof.gov.cn/,public service,以 task_source 栏目及地方政府/经办机构最新办事指南为准；不作个案法律或医疗结论。,medium,medium
ps-024,碳排放权交易与排污许可制度在监管对象上如何区分？ 请结合权威公开信息作答，并提示用户以经办机构或主管部门最新规定为准。,https://www.mof.gov.cn/zhengwuxinxi/caizhengxinwen/,public service,以 task_source 栏目及地方政府/经办机构最新办事指南为准；不作个案法律或医疗结论。,medium,medium
ps-025,生态保护红线内允许的人类活动类型有哪些概括性限制？ 请结合权威公开信息作答，并提示用户以经办机构或主管部门最新规定为准。,https://www.nhc.gov.cn/,public service,以 task_source 栏目及地方政府/经办机构最新办事指南为准；不作个案法律或医疗结论。,medium,medium
ps-026,海域使用论证与海洋环境影响评价在程序上如何衔接？ 请结合权威公开信息作答，并提示用户以经办机构或主管部门最新规定为准。,https://www.nhc.gov.cn/wjw/bmgz/,public service,以 task_source 栏目及地方政府/经办机构最新办事指南为准；不作个案法律或医疗结论。,medium,medium
ps-027,养老机构备案与消防审验的常见合规要点有哪些？ 请结合权威公开信息作答，并提示用户以经办机构或主管部门最新规定为准。,https://www.moj.gov.cn/,public service,以 task_source 栏目及地方政府/经办机构最新办事指南为准；不作个案法律或医疗结论。,medium,medium
ps-028,未成年人社会保护工作中强制报告制度的适用情形有哪些？ 请结合权威公开信息作答，并提示用户以经办机构或主管部门最新规定为准。,https://www.moj.gov.cn/pub/sfbgw/,public service,以 task_source 栏目及地方政府/经办机构最新办事指南为准；不作个案法律或医疗结论。,medium,medium
ps-029,最低生活保障家庭经济状况核对应注意哪些隐私与准确性问题？ 请结合权威公开信息作答，并提示用户以经办机构或主管部门最新规定为准。,https://www.mps.gov.cn/,public service,以 task_source 栏目及地方政府/经办机构最新办事指南为准；不作个案法律或医疗结论。,medium,medium
ps-030,临时救助与低保在对象与给付方式上有何主要区别？ 请结合权威公开信息作答，并提示用户以经办机构或主管部门最新规定为准。,https://www.mps.gov.cn/n2253534/n2253535/,public service,以 task_source 栏目及地方政府/经办机构最新办事指南为准；不作个案法律或医疗结论。,medium,medium
ps-031,特困人员供养与分散供养服务协议应关注哪些条款？ 请结合权威公开信息作答，并提示用户以经办机构或主管部门最新规定为准。,https://www.ccdi.gov.cn/,public service,以 task_source 栏目及地方政府/经办机构最新办事指南为准；不作个案法律或医疗结论。,medium,medium
ps-032,残疾人两项补贴资格认定与动态复核要点是什么？ 请结合权威公开信息作答，并提示用户以经办机构或主管部门最新规定为准。,https://www.gov.cn/gongbao/2025/issue_12266/202509/content_7039598.html,public service,以 task_source 栏目及地方政府/经办机构最新办事指南为准；不作个案法律或医疗结论。,medium,medium
ps-033,婚姻登记“跨省通办”试点中当事人材料准备要点有哪些？ 请结合权威公开信息作答，并提示用户以经办机构或主管部门最新规定为准。,https://www.nhsa.gov.cn/col/col114/index.html,public service,以 task_source 栏目及地方政府/经办机构最新办事指南为准；不作个案法律或医疗结论。,medium,medium
ps-034,收养登记评估与收养能力评估有何制度性区别？ 请结合权威公开信息作答，并提示用户以经办机构或主管部门最新规定为准。,https://www.nhsa.gov.cn/col/col105/index.html,public service,以 task_source 栏目及地方政府/经办机构最新办事指南为准；不作个案法律或医疗结论。,medium,medium
ps-035,慈善组织信息公开与募捐备案应关注哪些合规点？ 请结合权威公开信息作答，并提示用户以经办机构或主管部门最新规定为准。,https://www.nhsa.gov.cn/col/col104/index.html,public service,以 task_source 栏目及地方政府/经办机构最新办事指南为准；不作个案法律或医疗结论。,medium,medium
ps-036,志愿服务记录与证明出具应遵循哪些基本要求？ 请结合权威公开信息作答，并提示用户以经办机构或主管部门最新规定为准。,https://www.nhsa.gov.cn/col/col109/index.html,public service,以 task_source 栏目及地方政府/经办机构最新办事指南为准；不作个案法律或医疗结论。,medium,medium
ps-037,行政区划变更公告后，证照与合同地址条款如何处理更稳妥？ 请结合权威公开信息作答，并提示用户以经办机构或主管部门最新规定为准。,https://www.gov.cn/zhengce/zuixin/,public service,以 task_source 栏目及地方政府/经办机构最新办事指南为准；不作个案法律或医疗结论。,medium,medium
ps-038,地名管理中对具有重要地理方位意义的名称命名更名程序要点？ 请结合权威公开信息作答，并提示用户以经办机构或主管部门最新规定为准。,https://www.gov.cn/hudong/index.htm,public service,以 task_source 栏目及地方政府/经办机构最新办事指南为准；不作个案法律或医疗结论。,medium,medium
ps-039,基层群众性自治组织与基层政府在社区治理中的职责边界？ 请结合权威公开信息作答，并提示用户以经办机构或主管部门最新规定为准。,https://www.moe.gov.cn/jyb_xxgk/moe_1777/moe_1778/,public service,以 task_source 栏目及地方政府/经办机构最新办事指南为准；不作个案法律或医疗结论。,medium,medium
ps-040,信访事项受理与办理“三个到位”应如何向群众解释？ 请结合权威公开信息作答，并提示用户以经办机构或主管部门最新规定为准。,https://www.moe.gov.cn/jyb_xwfb/xw_fbbm/,public service,以 task_source 栏目及地方政府/经办机构最新办事指南为准；不作个案法律或医疗结论。,medium,medium
ps-041,行政复议与行政诉讼在救济路径选择上如何把握？ 请结合权威公开信息作答，并提示用户以经办机构或主管部门最新规定为准。,https://www.mem.gov.cn/,public service,以 task_source 栏目及地方政府/经办机构最新办事指南为准；不作个案法律或医疗结论。,high,medium
ps-042,政府信息公开申请中“三需要”原则应如何准确理解？ 请结合权威公开信息作答，并提示用户以经办机构或主管部门最新规定为准。,https://www.mem.gov.cn/yw/zdgz/ajfb/,public service,以 task_source 栏目及地方政府/经办机构最新办事指南为准；不作个案法律或医疗结论。,medium,medium
ps-043,重大行政决策公众参与与专家论证如何组织更规范？ 请结合权威公开信息作答，并提示用户以经办机构或主管部门最新规定为准。,https://www.samr.gov.cn/,public service,以 task_source 栏目及地方政府/经办机构最新办事指南为准；不作个案法律或医疗结论。,medium,medium
ps-044,行政执法公示制度中应重点公开哪些要素？ 请结合权威公开信息作答，并提示用户以经办机构或主管部门最新规定为准。,https://www.samr.gov.cn/zw/zwfb/,public service,以 task_source 栏目及地方政府/经办机构最新办事指南为准；不作个案法律或医疗结论。,medium,medium
ps-045,行政裁量权基准制定中如何听取市场主体意见？ 请结合权威公开信息作答，并提示用户以经办机构或主管部门最新规定为准。,https://www.mnr.gov.cn/,public service,以 task_source 栏目及地方政府/经办机构最新办事指南为准；不作个案法律或医疗结论。,medium,medium
ps-046,数字政府建设中政务数据共享与数据安全如何统筹？ 请结合权威公开信息作答，并提示用户以经办机构或主管部门最新规定为准。,https://www.mee.gov.cn/,public service,以 task_source 栏目及地方政府/经办机构最新办事指南为准；不作个案法律或医疗结论。,medium,medium
ps-047,一体化政务服务平台“跨省通办”事项清单动态管理要点？ 请结合权威公开信息作答，并提示用户以经办机构或主管部门最新规定为准。,https://www.mee.gov.cn/zcwj/gwywj/202508/t20250827_1126207.shtml,public service,以 task_source 栏目及地方政府/经办机构最新办事指南为准；不作个案法律或医疗结论。,medium,medium
ps-048,电子证照法律效力与纸质证照关系应如何向企业说明？ 请结合权威公开信息作答，并提示用户以经办机构或主管部门最新规定为准。,https://www.mca.gov.cn/,public service,以 task_source 栏目及地方政府/经办机构最新办事指南为准；不作个案法律或医疗结论。,medium,medium
ps-049,政务服务“好差评”结果在绩效考核中如何合理使用？ 请结合权威公开信息作答，并提示用户以经办机构或主管部门最新规定为准。,https://www.mca.gov.cn/n152/n165/c166/,public service,以 task_source 栏目及地方政府/经办机构最新办事指南为准；不作个案法律或医疗结论。,medium,medium
ps-050,公共资源交易平台整合共享对企业投标成本有何影响？ 请结合权威公开信息作答，并提示用户以经办机构或主管部门最新规定为准。,https://www.mohrss.gov.cn/SYrlzyhshbzk/,public service,以 task_source 栏目及地方政府/经办机构最新办事指南为准；不作个案法律或医疗结论。,medium,medium
ps-051,工程建设项目审批制度改革中并联审批的关键点？ 请结合权威公开信息作答，并提示用户以经办机构或主管部门最新规定为准。,https://www.mohrss.gov.cn/SYrlzyhshbzb/jycyz/,public service,以 task_source 栏目及地方政府/经办机构最新办事指南为准；不作个案法律或医疗结论。,medium,medium
ps-052,企业开办“一窗通”涉及哪些部门数据协同？ 请结合权威公开信息作答，并提示用户以经办机构或主管部门最新规定为准。,https://www.ndrc.gov.cn/,public service,以 task_source 栏目及地方政府/经办机构最新办事指南为准；不作个案法律或医疗结论。,medium,medium
ps-053,不动产登记“带押过户”适用前提与风险提示有哪些？ 请结合权威公开信息作答，并提示用户以经办机构或主管部门最新规定为准。,https://www.ndrc.gov.cn/fggz/,public service,以 task_source 栏目及地方政府/经办机构最新办事指南为准；不作个案法律或医疗结论。,medium,medium
ps-054,户籍迁移“跨省通办”常见材料与办理时限应如何提示群众？ 请结合权威公开信息作答，并提示用户以经办机构或主管部门最新规定为准。,https://www.mof.gov.cn/,public service,以 task_source 栏目及地方政府/经办机构最新办事指南为准；不作个案法律或医疗结论。,medium,medium
ps-055,居住证积分与公共服务挂钩政策解读应注意哪些边界？ 请结合权威公开信息作答，并提示用户以经办机构或主管部门最新规定为准。,https://www.mof.gov.cn/zhengwuxinxi/caizhengxinwen/,public service,以 task_source 栏目及地方政府/经办机构最新办事指南为准；不作个案法律或医疗结论。,medium,medium
ps-056,港澳居民在内地（大陆）参加社保的政策要点有哪些？ 请结合权威公开信息作答，并提示用户以经办机构或主管部门最新规定为准。,https://www.nhc.gov.cn/,public service,以 task_source 栏目及地方政府/经办机构最新办事指南为准；不作个案法律或医疗结论。,medium,medium
ps-057,华侨回国定居登记与身份衔接应注意哪些材料？ 请结合权威公开信息作答，并提示用户以经办机构或主管部门最新规定为准。,https://www.nhc.gov.cn/wjw/bmgz/,public service,以 task_source 栏目及地方政府/经办机构最新办事指南为准；不作个案法律或医疗结论。,medium,medium
ps-058,外国人来华工作许可与居留许可衔接办理要点？ 请结合权威公开信息作答，并提示用户以经办机构或主管部门最新规定为准。,https://www.moj.gov.cn/,public service,以 task_source 栏目及地方政府/经办机构最新办事指南为准；不作个案法律或医疗结论。,medium,medium
ps-059,领事保护与协助的启动条件与求助渠道有哪些？ 请结合权威公开信息作答，并提示用户以经办机构或主管部门最新规定为准。,https://www.moj.gov.cn/pub/sfbgw/,public service,以 task_source 栏目及地方政府/经办机构最新办事指南为准；不作个案法律或医疗结论。,medium,medium
ps-060,国家安全教育进社区活动可设计哪些互动环节？ 请结合权威公开信息作答，并提示用户以经办机构或主管部门最新规定为准。,https://www.mps.gov.cn/,public service,以 task_source 栏目及地方政府/经办机构最新办事指南为准；不作个案法律或医疗结论。,medium,medium
ps-061,反间谍安全防范重点单位名录管理要点是什么？ 请结合权威公开信息作答，并提示用户以经办机构或主管部门最新规定为准。,https://www.mps.gov.cn/n2253534/n2253535/,public service,以 task_source 栏目及地方政府/经办机构最新办事指南为准；不作个案法律或医疗结论。,medium,medium
ps-062,数据出境安全评估与个人信息出境标准合同路径如何区分？ 请结合权威公开信息作答，并提示用户以经办机构或主管部门最新规定为准。,https://www.ccdi.gov.cn/,public service,以 task_source 栏目及地方政府/经办机构最新办事指南为准；不作个案法律或医疗结论。,medium,medium
ps-063,关键信息基础设施认定对运营者的额外义务有哪些？ 请结合权威公开信息作答，并提示用户以经办机构或主管部门最新规定为准。,https://www.gov.cn/gongbao/2025/issue_12266/202509/content_7039598.html,public service,以 task_source 栏目及地方政府/经办机构最新办事指南为准；不作个案法律或医疗结论。,medium,medium
ps-064,网络安全等级保护测评与商用密码应用安全性评估关系？ 请结合权威公开信息作答，并提示用户以经办机构或主管部门最新规定为准。,https://www.nhsa.gov.cn/col/col114/index.html,public service,以 task_source 栏目及地方政府/经办机构最新办事指南为准；不作个案法律或医疗结论。,medium,medium
ps-065,政务云服务商安全责任边界在合同中如何约定更稳妥？ 请结合权威公开信息作答，并提示用户以经办机构或主管部门最新规定为准。,https://www.nhsa.gov.cn/col/col105/index.html,public service,以 task_source 栏目及地方政府/经办机构最新办事指南为准；不作个案法律或医疗结论。,medium,medium
ps-066,重大活动网络安全保障工作方案通常包含哪些模块？ 请结合权威公开信息作答，并提示用户以经办机构或主管部门最新规定为准。,https://www.nhsa.gov.cn/col/col104/index.html,public service,以 task_source 栏目及地方政府/经办机构最新办事指南为准；不作个案法律或医疗结论。,medium,medium
ps-067,网络谣言治理中平台与监管部门的协同要点？ 请结合权威公开信息作答，并提示用户以经办机构或主管部门最新规定为准。,https://www.nhsa.gov.cn/col/col109/index.html,public service,以 task_source 栏目及地方政府/经办机构最新办事指南为准；不作个案法律或医疗结论。,medium,medium
ps-068,未成年人网络保护中监护人指导责任如何落实？ 请结合权威公开信息作答，并提示用户以经办机构或主管部门最新规定为准。,https://www.gov.cn/zhengce/zuixin/,public service,以 task_source 栏目及地方政府/经办机构最新办事指南为准；不作个案法律或医疗结论。,medium,medium
ps-069,网络直播营销中商品信息披露的底线要求有哪些？ 请结合权威公开信息作答，并提示用户以经办机构或主管部门最新规定为准。,https://www.gov.cn/hudong/index.htm,public service,以 task_source 栏目及地方政府/经办机构最新办事指南为准；不作个案法律或医疗结论。,medium,medium
ps-070,算法推荐服务透明化与用户关闭权应如何向用户解释？ 请结合权威公开信息作答，并提示用户以经办机构或主管部门最新规定为准。,https://www.moe.gov.cn/jyb_xxgk/moe_1777/moe_1778/,public service,以 task_source 栏目及地方政府/经办机构最新办事指南为准；不作个案法律或医疗结论。,medium,medium
es-001,研发费用加计扣除政策享受中，留存备查资料一般应包含哪些类别？ 请提示企业以税务机关、监管机关及合同文本为准，避免替代专业审计或法律意见。,https://www.chinatax.gov.cn/,enterprise support,以 task_source 政策发布与当年有效文件为准；涉税涉证事项以主管税务机关解释为准。,medium,medium
es-002,高新技术企业认定条件中，知识产权与研发费用的匹配性应如何理解？ 请提示企业以税务机关、监管机关及合同文本为准，避免替代专业审计或法律意见。,https://www.chinatax.gov.cn/chinatax/n810219/n810724/c5247328/content.html,enterprise support,以 task_source 政策发布与当年有效文件为准；涉税涉证事项以主管税务机关解释为准。,medium,medium
es-003,小型微利企业所得税优惠政策与资产总额、从业人数指标如何把握？ 请提示企业以税务机关、监管机关及合同文本为准，避免替代专业审计或法律意见。,https://www.samr.gov.cn/,enterprise support,以 task_source 政策发布与当年有效文件为准；涉税涉证事项以主管税务机关解释为准。,medium,medium
es-004,增值税留抵退税政策适用行业与信用条件应如何向企业说明？ 请提示企业以税务机关、监管机关及合同文本为准，避免替代专业审计或法律意见。,https://www.samr.gov.cn/zw/zwfb/,enterprise support,以 task_source 政策发布与当年有效文件为准；涉税涉证事项以主管税务机关解释为准。,medium,medium
es-005,电子发票全流程应用对企业内控与归档的影响要点？ 请提示企业以税务机关、监管机关及合同文本为准，避免替代专业审计或法律意见。,https://www.ndrc.gov.cn/,enterprise support,以 task_source 政策发布与当年有效文件为准；涉税涉证事项以主管税务机关解释为准。,medium,medium
es-006,出口退税申报中“单证备案”目录与保存期限应如何提示企业？ 请提示企业以税务机关、监管机关及合同文本为准，避免替代专业审计或法律意见。,https://www.ndrc.gov.cn/fggz/,enterprise support,以 task_source 政策发布与当年有效文件为准；涉税涉证事项以主管税务机关解释为准。,medium,medium
es-007,关联交易同期资料准备义务触发条件有哪些概括性表述？ 请提示企业以税务机关、监管机关及合同文本为准，避免替代专业审计或法律意见。,https://www.mof.gov.cn/,enterprise support,以 task_source 政策发布与当年有效文件为准；涉税涉证事项以主管税务机关解释为准。,medium,medium
es-008,转让定价调查中可比公司筛选应注意哪些方法边界？ 请提示企业以税务机关、监管机关及合同文本为准，避免替代专业审计或法律意见。,https://www.mof.gov.cn/zhengwuxinxi/zhengcefabu/,enterprise support,以 task_source 政策发布与当年有效文件为准；涉税涉证事项以主管税务机关解释为准。,medium,medium
es-009,企业合并重组特殊性税务处理的主要适用前提？ 请提示企业以税务机关、监管机关及合同文本为准，避免替代专业审计或法律意见。,https://www.mee.gov.cn/,enterprise support,以 task_source 政策发布与当年有效文件为准；涉税涉证事项以主管税务机关解释为准。,high,medium
es-010,资产损失税前扣除申报方式与证据材料要求要点？ 请提示企业以税务机关、监管机关及合同文本为准，避免替代专业审计或法律意见。,https://www.customs.gov.cn/,enterprise support,以 task_source 政策发布与当年有效文件为准；涉税涉证事项以主管税务机关解释为准。,medium,medium
es-011,股权激励企业所得税递延纳税政策适用对象与条件？ 请提示企业以税务机关、监管机关及合同文本为准，避免替代专业审计或法律意见。,https://www.customs.gov.cn/customs/302249/zfxxgk/,enterprise support,以 task_source 政策发布与当年有效文件为准；涉税涉证事项以主管税务机关解释为准。,medium,medium
es-012,跨境服务增值税零税率与免税政策如何选择更稳妥？ 请提示企业以税务机关、监管机关及合同文本为准，避免替代专业审计或法律意见。,https://www.cbirc.gov.cn/,enterprise support,以 task_source 政策发布与当年有效文件为准；涉税涉证事项以主管税务机关解释为准。,medium,medium
es-013,对外支付税务备案与源泉扣缴义务衔接要点？ 请提示企业以税务机关、监管机关及合同文本为准，避免替代专业审计或法律意见。,https://www.cbirc.gov.cn/cn/view/pages/index/index.html,enterprise support,以 task_source 政策发布与当年有效文件为准；涉税涉证事项以主管税务机关解释为准。,high,medium
es-014,税收协定受益所有人判定中的“实质重于形式”如何举例？ 请提示企业以税务机关、监管机关及合同文本为准，避免替代专业审计或法律意见。,https://www.csrc.gov.cn/,enterprise support,以 task_source 政策发布与当年有效文件为准；涉税涉证事项以主管税务机关解释为准。,medium,medium
es-015,一般反避税条款适用中“合理商业目的”应如何把握？ 请提示企业以税务机关、监管机关及合同文本为准，避免替代专业审计或法律意见。,https://www.csrc.gov.cn/pub/newsite/,enterprise support,以 task_source 政策发布与当年有效文件为准；涉税涉证事项以主管税务机关解释为准。,medium,medium
es-016,反垄断经营者集中申报营业额计算口径要点？ 请提示企业以税务机关、监管机关及合同文本为准，避免替代专业审计或法律意见。,https://www.safe.gov.cn/,enterprise support,以 task_source 政策发布与当年有效文件为准；涉税涉证事项以主管税务机关解释为准。,high,medium
es-017,纵向垄断协议“安全港”规则适用应注意哪些边界？ 请提示企业以税务机关、监管机关及合同文本为准，避免替代专业审计或法律意见。,https://www.safe.gov.cn/safe/,enterprise support,以 task_source 政策发布与当年有效文件为准；涉税涉证事项以主管税务机关解释为准。,medium,medium
es-018,滥用市场支配地位行为认定中相关市场界定方法？ 请提示企业以税务机关、监管机关及合同文本为准，避免替代专业审计或法律意见。,https://www.ndrc.gov.cn/fggz/fzzlgh/,enterprise support,以 task_source 政策发布与当年有效文件为准；涉税涉证事项以主管税务机关解释为准。,medium,medium
es-019,公平竞争审查制度对地方政府招商引资条款的影响？ 请提示企业以税务机关、监管机关及合同文本为准，避免替代专业审计或法律意见。,https://www.samr.gov.cn/bw/,enterprise support,以 task_source 政策发布与当年有效文件为准；涉税涉证事项以主管税务机关解释为准。,medium,medium
es-020,商业秘密保护行政执法与民事诉讼救济路径比较？ 请提示企业以税务机关、监管机关及合同文本为准，避免替代专业审计或法律意见。,https://www.chinatax.gov.cn/chinatax/n810341/n810755/,enterprise support,以 task_source 政策发布与当年有效文件为准；涉税涉证事项以主管税务机关解释为准。,high,medium
es-021,企业标准自我声明公开与强制性标准关系如何说明？ 请提示企业以税务机关、监管机关及合同文本为准，避免替代专业审计或法律意见。,https://www.miit.gov.cn/,enterprise support,以 task_source 政策发布与当年有效文件为准；涉税涉证事项以主管税务机关解释为准。,medium,medium
es-022,强制性产品认证目录调整对企业合规的影响？ 请提示企业以税务机关、监管机关及合同文本为准，避免替代专业审计或法律意见。,https://www.miit.gov.cn/gxsj/index.html,enterprise support,以 task_source 政策发布与当年有效文件为准；涉税涉证事项以主管税务机关解释为准。,medium,medium
es-023,缺陷产品召回信息发布与消费者权益保护衔接？ 请提示企业以税务机关、监管机关及合同文本为准，避免替代专业审计或法律意见。,https://www.miit.gov.cn/zwgk/zcwj/wjfb/,enterprise support,以 task_source 政策发布与当年有效文件为准；涉税涉证事项以主管税务机关解释为准。,medium,medium
es-024,价格监督检查中明码标价违法行为常见情形？ 请提示企业以税务机关、监管机关及合同文本为准，避免替代专业审计或法律意见。,https://www.mof.gov.cn/zhengwuxinxi/caizhengxinwen/,enterprise support,以 task_source 政策发布与当年有效文件为准；涉税涉证事项以主管税务机关解释为准。,medium,medium
es-025,广告绝对化用语执法中的合理例外如何提示企业？ 请提示企业以税务机关、监管机关及合同文本为准，避免替代专业审计或法律意见。,https://www.mee.gov.cn/ywgt/,enterprise support,以 task_source 政策发布与当年有效文件为准；涉税涉证事项以主管税务机关解释为准。,medium,medium
es-026,互联网平台“二选一”行为反垄断风险点？ 请提示企业以税务机关、监管机关及合同文本为准，避免替代专业审计或法律意见。,https://www.sac.gov.cn/,enterprise support,以 task_source 政策发布与当年有效文件为准；涉税涉证事项以主管税务机关解释为准。,high,medium
es-027,数据造假骗取财政补贴可能涉及的法律责任类型？ 请提示企业以税务机关、监管机关及合同文本为准，避免替代专业审计或法律意见。,https://www.cnca.gov.cn/,enterprise support,以 task_source 政策发布与当年有效文件为准；涉税涉证事项以主管税务机关解释为准。,medium,medium
es-028,政府采购供应商资格条件设置的合规底线？ 请提示企业以税务机关、监管机关及合同文本为准，避免替代专业审计或法律意见。,https://www.stats.gov.cn/,enterprise support,以 task_source 政策发布与当年有效文件为准；涉税涉证事项以主管税务机关解释为准。,medium,medium
es-029,招标投标中串通投标认定要素应如何概括？ 请提示企业以税务机关、监管机关及合同文本为准，避免替代专业审计或法律意见。,https://www.stats.gov.cn/tjsj/,enterprise support,以 task_source 政策发布与当年有效文件为准；涉税涉证事项以主管税务机关解释为准。,medium,medium
es-030,固定资产投资项目节能审查与环评批复在程序上的关系？ 请提示企业以税务机关、监管机关及合同文本为准，避免替代专业审计或法律意见。,https://www.chinatax.gov.cn/chinatax/n810341/n810760/,enterprise support,以 task_source 政策发布与当年有效文件为准；涉税涉证事项以主管税务机关解释为准。,medium,medium
es-031,外商投资项目核准与备案管理适用范围要点？ 请提示企业以税务机关、监管机关及合同文本为准，避免替代专业审计或法律意见。,https://www.gov.cn/zhengce/zuixin/,enterprise support,以 task_source 政策发布与当年有效文件为准；涉税涉证事项以主管税务机关解释为准。,medium,medium
es-032,企业债券注册制下信息披露义务人责任边界？ 请提示企业以税务机关、监管机关及合同文本为准，避免替代专业审计或法律意见。,https://www.chinatax.gov.cn/,enterprise support,以 task_source 政策发布与当年有效文件为准；涉税涉证事项以主管税务机关解释为准。,medium,medium
es-033,上市公司重大资产重组停牌与复牌规则应关注哪些披露点？ 请提示企业以税务机关、监管机关及合同文本为准，避免替代专业审计或法律意见。,https://www.chinatax.gov.cn/chinatax/n810219/n810724/c5247328/content.html,enterprise support,以 task_source 政策发布与当年有效文件为准；涉税涉证事项以主管税务机关解释为准。,medium,medium
es-034,内幕信息知情人登记管理制度的落地要点？ 请提示企业以税务机关、监管机关及合同文本为准，避免替代专业审计或法律意见。,https://www.samr.gov.cn/,enterprise support,以 task_source 政策发布与当年有效文件为准；涉税涉证事项以主管税务机关解释为准。,high,medium
es-035,上市公司年报中“重要事项”章节通常涵盖哪些主题？ 请提示企业以税务机关、监管机关及合同文本为准，避免替代专业审计或法律意见。,https://www.samr.gov.cn/zw/zwfb/,enterprise support,以 task_source 政策发布与当年有效文件为准；涉税涉证事项以主管税务机关解释为准。,medium,medium
es-036,环境信息披露管理办法对重点排污单位的要求？ 请提示企业以税务机关、监管机关及合同文本为准，避免替代专业审计或法律意见。,https://www.ndrc.gov.cn/,enterprise support,以 task_source 政策发布与当年有效文件为准；涉税涉证事项以主管税务机关解释为准。,medium,medium
es-037,排污许可证变更与重新申请触发情形？ 请提示企业以税务机关、监管机关及合同文本为准，避免替代专业审计或法律意见。,https://www.ndrc.gov.cn/fggz/,enterprise support,以 task_source 政策发布与当年有效文件为准；涉税涉证事项以主管税务机关解释为准。,medium,medium
es-038,碳排放配额清缴履约与抵销机制如何向企业解释？ 请提示企业以税务机关、监管机关及合同文本为准，避免替代专业审计或法律意见。,https://www.mof.gov.cn/,enterprise support,以 task_source 政策发布与当年有效文件为准；涉税涉证事项以主管税务机关解释为准。,medium,medium
es-039,清洁生产审核强制性企业名单确定程序要点？ 请提示企业以税务机关、监管机关及合同文本为准，避免替代专业审计或法律意见。,https://www.mof.gov.cn/zhengwuxinxi/zhengcefabu/,enterprise support,以 task_source 政策发布与当年有效文件为准；涉税涉证事项以主管税务机关解释为准。,medium,medium
es-040,工业产品生产许可证制度改革后监管重点转移？ 请提示企业以税务机关、监管机关及合同文本为准，避免替代专业审计或法律意见。,https://www.mee.gov.cn/,enterprise support,以 task_source 政策发布与当年有效文件为准；涉税涉证事项以主管税务机关解释为准。,medium,medium
es-041,计量器具型式批准与检定校准关系？ 请提示企业以税务机关、监管机关及合同文本为准，避免替代专业审计或法律意见。,https://www.customs.gov.cn/,enterprise support,以 task_source 政策发布与当年有效文件为准；涉税涉证事项以主管税务机关解释为准。,medium,medium
es-042,标准化试点示范项目申报常见材料清单？ 请提示企业以税务机关、监管机关及合同文本为准，避免替代专业审计或法律意见。,https://www.customs.gov.cn/customs/302249/zfxxgk/,enterprise support,以 task_source 政策发布与当年有效文件为准；涉税涉证事项以主管税务机关解释为准。,medium,medium
es-043,国家质量基础设施（NQI）对企业质量提升的含义？ 请提示企业以税务机关、监管机关及合同文本为准，避免替代专业审计或法律意见。,https://www.cbirc.gov.cn/,enterprise support,以 task_source 政策发布与当年有效文件为准；涉税涉证事项以主管税务机关解释为准。,medium,medium
es-044,工业互联网标识解析二级节点建设对企业的作用？ 请提示企业以税务机关、监管机关及合同文本为准，避免替代专业审计或法律意见。,https://www.cbirc.gov.cn/cn/view/pages/index/index.html,enterprise support,以 task_source 政策发布与当年有效文件为准；涉税涉证事项以主管税务机关解释为准。,medium,medium
es-045,关键软件产品首版次保险补偿机制政策意图？ 请提示企业以税务机关、监管机关及合同文本为准，避免替代专业审计或法律意见。,https://www.csrc.gov.cn/,enterprise support,以 task_source 政策发布与当年有效文件为准；涉税涉证事项以主管税务机关解释为准。,medium,medium
es-046,首台（套）重大技术装备保险补偿项目申报要点？ 请提示企业以税务机关、监管机关及合同文本为准，避免替代专业审计或法律意见。,https://www.csrc.gov.cn/pub/newsite/,enterprise support,以 task_source 政策发布与当年有效文件为准；涉税涉证事项以主管税务机关解释为准。,medium,medium
es-047,制造业单项冠军企业培育评价指标方向性描述？ 请提示企业以税务机关、监管机关及合同文本为准，避免替代专业审计或法律意见。,https://www.safe.gov.cn/,enterprise support,以 task_source 政策发布与当年有效文件为准；涉税涉证事项以主管税务机关解释为准。,medium,medium
es-048,专精特新“小巨人”企业复核常见问题？ 请提示企业以税务机关、监管机关及合同文本为准，避免替代专业审计或法律意见。,https://www.safe.gov.cn/safe/,enterprise support,以 task_source 政策发布与当年有效文件为准；涉税涉证事项以主管税务机关解释为准。,medium,medium
es-049,工业设计中心认定对知识产权与人才指标要求？ 请提示企业以税务机关、监管机关及合同文本为准，避免替代专业审计或法律意见。,https://www.ndrc.gov.cn/fggz/fzzlgh/,enterprise support,以 task_source 政策发布与当年有效文件为准；涉税涉证事项以主管税务机关解释为准。,medium,medium
es-050,智能制造能力成熟度评估等级含义应如何向企业解释？ 请提示企业以税务机关、监管机关及合同文本为准，避免替代专业审计或法律意见。,https://www.samr.gov.cn/bw/,enterprise support,以 task_source 政策发布与当年有效文件为准；涉税涉证事项以主管税务机关解释为准。,medium,medium
es-051,工业互联网平台互联互通标准对企业集成的意义？ 请提示企业以税务机关、监管机关及合同文本为准，避免替代专业审计或法律意见。,https://www.chinatax.gov.cn/chinatax/n810341/n810755/,enterprise support,以 task_source 政策发布与当年有效文件为准；涉税涉证事项以主管税务机关解释为准。,medium,medium
es-052,产业链供应链韧性提升政策工具箱可包含哪些类型措施？ 请提示企业以税务机关、监管机关及合同文本为准，避免替代专业审计或法律意见。,https://www.miit.gov.cn/,enterprise support,以 task_source 政策发布与当年有效文件为准；涉税涉证事项以主管税务机关解释为准。,medium,medium
es-053,重大技术装备攻关工程组织方式与产学研协同要点？ 请提示企业以税务机关、监管机关及合同文本为准，避免替代专业审计或法律意见。,https://www.miit.gov.cn/gxsj/index.html,enterprise support,以 task_source 政策发布与当年有效文件为准；涉税涉证事项以主管税务机关解释为准。,medium,medium
es-054,制造业数字化转型中数据主权的合同条款关注点？ 请提示企业以税务机关、监管机关及合同文本为准，避免替代专业审计或法律意见。,https://www.miit.gov.cn/zwgk/zcwj/wjfb/,enterprise support,以 task_source 政策发布与当年有效文件为准；涉税涉证事项以主管税务机关解释为准。,medium,medium
es-055,绿色工厂评价与绿色产品认证关系？ 请提示企业以税务机关、监管机关及合同文本为准，避免替代专业审计或法律意见。,https://www.mof.gov.cn/zhengwuxinxi/caizhengxinwen/,enterprise support,以 task_source 政策发布与当年有效文件为准；涉税涉证事项以主管税务机关解释为准。,medium,medium
es-056,工业节能监察中单位产品能耗限额标准适用？ 请提示企业以税务机关、监管机关及合同文本为准，避免替代专业审计或法律意见。,https://www.mee.gov.cn/ywgt/,enterprise support,以 task_source 政策发布与当年有效文件为准；涉税涉证事项以主管税务机关解释为准。,medium,medium
es-057,淘汰落后产能工作验收资料准备要点？ 请提示企业以税务机关、监管机关及合同文本为准，避免替代专业审计或法律意见。,https://www.sac.gov.cn/,enterprise support,以 task_source 政策发布与当年有效文件为准；涉税涉证事项以主管税务机关解释为准。,medium,medium
es-058,技改贴息贷款项目申报与绩效目标设置？ 请提示企业以税务机关、监管机关及合同文本为准，避免替代专业审计或法律意见。,https://www.cnca.gov.cn/,enterprise support,以 task_source 政策发布与当年有效文件为准；涉税涉证事项以主管税务机关解释为准。,medium,medium
es-059,产业基础再造工程支持领域概括？ 请提示企业以税务机关、监管机关及合同文本为准，避免替代专业审计或法律意见。,https://www.stats.gov.cn/,enterprise support,以 task_source 政策发布与当年有效文件为准；涉税涉证事项以主管税务机关解释为准。,medium,medium
es-060,国家制造业创新中心建设运行评价要点？ 请提示企业以税务机关、监管机关及合同文本为准，避免替代专业审计或法律意见。,https://www.stats.gov.cn/tjsj/,enterprise support,以 task_source 政策发布与当年有效文件为准；涉税涉证事项以主管税务机关解释为准。,medium,medium
es-061,企业技术中心认定与创新投入指标关系？ 请提示企业以税务机关、监管机关及合同文本为准，避免替代专业审计或法律意见。,https://www.chinatax.gov.cn/chinatax/n810341/n810760/,enterprise support,以 task_source 政策发布与当年有效文件为准；涉税涉证事项以主管税务机关解释为准。,medium,medium
es-062,工业设计赋能制造业高质量发展案例归纳维度？ 请提示企业以税务机关、监管机关及合同文本为准，避免替代专业审计或法律意见。,https://www.gov.cn/zhengce/zuixin/,enterprise support,以 task_source 政策发布与当年有效文件为准；涉税涉证事项以主管税务机关解释为准。,medium,medium
es-063,服务型制造示范企业遴选关注的服务收入占比？ 请提示企业以税务机关、监管机关及合同文本为准，避免替代专业审计或法律意见。,https://www.chinatax.gov.cn/,enterprise support,以 task_source 政策发布与当年有效文件为准；涉税涉证事项以主管税务机关解释为准。,medium,medium
es-064,制造业质量管理数字化典型场景？ 请提示企业以税务机关、监管机关及合同文本为准，避免替代专业审计或法律意见。,https://www.chinatax.gov.cn/chinatax/n810219/n810724/c5247328/content.html,enterprise support,以 task_source 政策发布与当年有效文件为准；涉税涉证事项以主管税务机关解释为准。,medium,medium
es-065,供应链创新与应用试点终期验收关注点？ 请提示企业以税务机关、监管机关及合同文本为准，避免替代专业审计或法律意见。,https://www.samr.gov.cn/,enterprise support,以 task_source 政策发布与当年有效文件为准；涉税涉证事项以主管税务机关解释为准。,medium,medium
es-066,先进制造业集群竞赛性遴选答辩常见问题？ 请提示企业以税务机关、监管机关及合同文本为准，避免替代专业审计或法律意见。,https://www.samr.gov.cn/zw/zwfb/,enterprise support,以 task_source 政策发布与当年有效文件为准；涉税涉证事项以主管税务机关解释为准。,medium,medium
es-067,制造业人才支持计划与职称评审衔接？ 请提示企业以税务机关、监管机关及合同文本为准，避免替代专业审计或法律意见。,https://www.ndrc.gov.cn/,enterprise support,以 task_source 政策发布与当年有效文件为准；涉税涉证事项以主管税务机关解释为准。,medium,medium
es-068,产教融合型企业建设培育入库条件？ 请提示企业以税务机关、监管机关及合同文本为准，避免替代专业审计或法律意见。,https://www.ndrc.gov.cn/fggz/,enterprise support,以 task_source 政策发布与当年有效文件为准；涉税涉证事项以主管税务机关解释为准。,medium,medium
es-069,制造业投融资对接活动中企业路演材料要点？ 请提示企业以税务机关、监管机关及合同文本为准，避免替代专业审计或法律意见。,https://www.mof.gov.cn/,enterprise support,以 task_source 政策发布与当年有效文件为准；涉税涉证事项以主管税务机关解释为准。,medium,medium
es-070,工业企业技术改造和设备更新再贷款政策适用边界？ 请提示企业以税务机关、监管机关及合同文本为准，避免替代专业审计或法律意见。,https://www.mof.gov.cn/zhengwuxinxi/zhengcefabu/,enterprise support,以 task_source 政策发布与当年有效文件为准；涉税涉证事项以主管税务机关解释为准。,medium,medium
mfg-001,危险化学品企业动火作业分级管理与审批要点有哪些？,https://www.mem.gov.cn/,manufacturing,以企业安全规程、特种设备法规及现场作业票证为准；本题为排查要点而非设备诊断结论。,high,medium
mfg-002,粉尘爆炸危险场所电气防爆与除尘系统维护要点？,https://www.mem.gov.cn/yw/zdgz/ajfb/,manufacturing,以企业安全规程、特种设备法规及现场作业票证为准；本题为排查要点而非设备诊断结论。,high,medium
mfg-003,有限空间作业“先通风、再检测、后作业”应如何组织落实？,https://www.mem.gov.cn/yw/zdgz/yjgl/,manufacturing,以企业安全规程、特种设备法规及现场作业票证为准；本题为排查要点而非设备诊断结论。,high,medium
mfg-004,高处作业安全带系挂点选择与临边防护设置要点？,https://www.chinasafety.gov.cn/,manufacturing,以企业安全规程、特种设备法规及现场作业票证为准；本题为排查要点而非设备诊断结论。,high,medium
mfg-005,起重机械日常点检中钢丝绳与制动器检查要点？,https://www.gov.cn/zhengce/zuixin/,manufacturing,以企业安全规程、特种设备法规及现场作业票证为准；本题为排查要点而非设备诊断结论。,high,medium
mfg-006,压力容器年度检查与定期检验在内容上如何区分？,https://www.samr.gov.cn/,manufacturing,以企业安全规程、特种设备法规及现场作业票证为准；本题为排查要点而非设备诊断结论。,high,medium
mfg-007,锅炉运行中水位异常与汽水共腾的应急处置思路？,https://www.mee.gov.cn/,manufacturing,以企业安全规程、特种设备法规及现场作业票证为准；本题为排查要点而非设备诊断结论。,high,medium
mfg-008,化工装置开停车安全条件确认清单通常包含哪些模块？,https://www.miit.gov.cn/,manufacturing,以企业安全规程、特种设备法规及现场作业票证为准；本题为排查要点而非设备诊断结论。,high,medium
mfg-009,重大危险源包保责任制中主要负责人职责要点？,https://openstd.samr.gov.cn/,manufacturing,以企业安全规程、特种设备法规及现场作业票证为准；本题为排查要点而非设备诊断结论。,high,medium
mfg-010,双重预防机制建设中风险分级管控与隐患排查如何衔接？,https://www.gb688.cn/,manufacturing,以企业安全规程、特种设备法规及现场作业票证为准；本题为排查要点而非设备诊断结论。,high,medium
mfg-011,生产安全事故应急预案演练频次与评估改进要点？,https://www.mem.gov.cn/gk/zfxxgkpt/,manufacturing,以企业安全规程、特种设备法规及现场作业票证为准；本题为排查要点而非设备诊断结论。,high,medium
mfg-012,特种作业人员持证上岗与复审培训应如何管理？,https://www.mem.gov.cn/xw/yjyw/,manufacturing,以企业安全规程、特种设备法规及现场作业票证为准；本题为排查要点而非设备诊断结论。,high,medium
mfg-013,工贸企业有限空间辨识与警示标志设置规范要点？,https://www.chinasafety.gov.cn/xw/,manufacturing,以企业安全规程、特种设备法规及现场作业票证为准；本题为排查要点而非设备诊断结论。,high,medium
mfg-014,涉氨制冷企业液氨泄漏报警与联锁切断系统维护？,https://www.mem.gov.cn/yw/zdgz/zxaj/,manufacturing,以企业安全规程、特种设备法规及现场作业票证为准；本题为排查要点而非设备诊断结论。,high,medium
mfg-015,铝加工（深井铸造）企业铸造井安全监测要点？,https://www.gov.cn/,manufacturing,以企业安全规程、特种设备法规及现场作业票证为准；本题为排查要点而非设备诊断结论。,high,medium
mfg-016,钢铁企业煤气区域一氧化碳监测与个体防护要点？,https://www.mem.gov.cn/,manufacturing,以企业安全规程、特种设备法规及现场作业票证为准；本题为排查要点而非设备诊断结论。,high,medium
mfg-017,建筑施工坍塌风险隐患排查治理专项行动关注哪些环节？,https://www.mem.gov.cn/yw/zdgz/ajfb/,manufacturing,以企业安全规程、特种设备法规及现场作业票证为准；本题为排查要点而非设备诊断结论。,high,medium
mfg-018,隧道施工超前地质预报与支护参数动态调整要点？,https://www.mem.gov.cn/yw/zdgz/yjgl/,manufacturing,以企业安全规程、特种设备法规及现场作业票证为准；本题为排查要点而非设备诊断结论。,high,medium
mfg-019,盾构机开仓换刀作业气体检测与通风要求？,https://www.chinasafety.gov.cn/,manufacturing,以企业安全规程、特种设备法规及现场作业票证为准；本题为排查要点而非设备诊断结论。,high,medium
mfg-020,尾矿库排洪设施检查与汛期巡查频次要点？,https://www.gov.cn/zhengce/zuixin/,manufacturing,以企业安全规程、特种设备法规及现场作业票证为准；本题为排查要点而非设备诊断结论。,high,medium
mfg-021,露天矿山边坡监测雷达与人工巡查如何互补？,https://www.samr.gov.cn/,manufacturing,以企业安全规程、特种设备法规及现场作业票证为准；本题为排查要点而非设备诊断结论。,high,medium
mfg-022,烟花爆竹生产企业工房定员定量与防静电措施？,https://www.mee.gov.cn/,manufacturing,以企业安全规程、特种设备法规及现场作业票证为准；本题为排查要点而非设备诊断结论。,high,medium
mfg-023,民用爆炸物品储存库治安防范与消防设施要点？,https://www.miit.gov.cn/,manufacturing,以企业安全规程、特种设备法规及现场作业票证为准；本题为排查要点而非设备诊断结论。,high,medium
mfg-024,机械制造车间噪声危害控制工程措施优先级？,https://openstd.samr.gov.cn/,manufacturing,以企业安全规程、特种设备法规及现场作业票证为准；本题为排查要点而非设备诊断结论。,high,medium
mfg-025,焊接作业职业健康防护中局部排风与呼吸防护选择？,https://www.gb688.cn/,manufacturing,以企业安全规程、特种设备法规及现场作业票证为准；本题为排查要点而非设备诊断结论。,high,medium
mfg-026,冲压机械双手操纵装置与安全光栅联锁关系？,https://www.mem.gov.cn/gk/zfxxgkpt/,manufacturing,以企业安全规程、特种设备法规及现场作业票证为准；本题为排查要点而非设备诊断结论。,high,medium
mfg-027,自动化产线人机协作区域安全围栏与停机规则？,https://www.mem.gov.cn/xw/yjyw/,manufacturing,以企业安全规程、特种设备法规及现场作业票证为准；本题为排查要点而非设备诊断结论。,high,medium
mfg-028,工业机器人安全停止类别与急停回路设计要求？,https://www.chinasafety.gov.cn/xw/,manufacturing,以企业安全规程、特种设备法规及现场作业票证为准；本题为排查要点而非设备诊断结论。,high,medium
mfg-029,数控机床防护门联锁与维修模式的安全管理？,https://www.mem.gov.cn/yw/zdgz/zxaj/,manufacturing,以企业安全规程、特种设备法规及现场作业票证为准；本题为排查要点而非设备诊断结论。,high,medium
mfg-030,压力管道泄漏带压堵漏作业的风险控制要点？,https://www.gov.cn/,manufacturing,以企业安全规程、特种设备法规及现场作业票证为准；本题为排查要点而非设备诊断结论。,high,medium
edu-001,普通高中课程标准中数学学科核心素养包含哪些维度？,https://www.moe.gov.cn/jyb_xxgk/moe_1777/moe_1778/,education,以教育部及省级教育行政部门最新文件、课程标准文本为准。,low,easy
edu-002,义务教育课程方案中“综合实践活动”与劳动教育关系如何理解？,https://www.moe.gov.cn/jyb_xwfb/xw_fbbm/,education,以教育部及省级教育行政部门最新文件、课程标准文本为准。,low,easy
edu-003,高中阶段选课走班制下学生发展指导应覆盖哪些内容？,https://www.gov.cn/zhengce/zuixin/,education,以教育部及省级教育行政部门最新文件、课程标准文本为准。,low,easy
edu-004,国家智慧教育公共服务平台对教师备课的典型支持场景？,https://www.nhc.gov.cn/,education,以教育部及省级教育行政部门最新文件、课程标准文本为准。,low,easy
edu-005,职业教育产教融合型企业认定对校企合作的激励要点？,https://www.moe.gov.cn/,education,以教育部及省级教育行政部门最新文件、课程标准文本为准。,low,easy
edu-006,“双高计划”高职院校建设绩效评价关注哪些产出指标？,https://www.moe.gov.cn/jyb_sjzl/,education,以教育部及省级教育行政部门最新文件、课程标准文本为准。,low,easy
edu-007,研究生教育质量保障中导师第一责任人制度要点？,https://www.moe.gov.cn/jyb_xwfb/,education,以教育部及省级教育行政部门最新文件、课程标准文本为准。,low,easy
edu-008,高校科研诚信案件中数据处理不当的常见表现形式？,https://www.moe.gov.cn/jyb_xxgk/,education,以教育部及省级教育行政部门最新文件、课程标准文本为准。,low,easy
edu-009,国际学生招生与管理中合规审查要点？,https://www.moe.gov.cn/jyb_sjzl/moe_560/,education,以教育部及省级教育行政部门最新文件、课程标准文本为准。,low,easy
edu-010,学校食品安全校长负责制落实的检查要点？,https://www.moe.gov.cn/jyb_xwfb/s271/,education,以教育部及省级教育行政部门最新文件、课程标准文本为准。,low,easy
edu-011,学生心理健康筛查与隐私保护如何平衡？,https://www.moe.gov.cn/jyb_xxgk/moe_1777/moe_1778/,education,以教育部及省级教育行政部门最新文件、课程标准文本为准。,low,easy
edu-012,校园欺凌防治工作机制中家校沟通要点？,https://www.moe.gov.cn/jyb_xwfb/xw_fbbm/,education,以教育部及省级教育行政部门最新文件、课程标准文本为准。,low,easy
edu-013,中小学教材选用委员会组成与回避原则？,https://www.gov.cn/zhengce/zuixin/,education,以教育部及省级教育行政部门最新文件、课程标准文本为准。,low,easy
edu-014,国家统编教材使用范围与培训要求？,https://www.nhc.gov.cn/,education,以教育部及省级教育行政部门最新文件、课程标准文本为准。,low,easy
edu-015,特殊教育融合发展支持保障措施概括？,https://www.moe.gov.cn/,education,以教育部及省级教育行政部门最新文件、课程标准文本为准。,low,easy
edu-016,民族地区双语教育质量提升工程关注点？,https://www.moe.gov.cn/jyb_sjzl/,education,以教育部及省级教育行政部门最新文件、课程标准文本为准。,low,easy
edu-017,乡村教师支持计划与职称倾斜政策要点？,https://www.moe.gov.cn/jyb_xwfb/,education,以教育部及省级教育行政部门最新文件、课程标准文本为准。,low,easy
edu-018,公费师范生履约任教与违约处理规则应如何向考生说明？,https://www.moe.gov.cn/jyb_xxgk/,education,以教育部及省级教育行政部门最新文件、课程标准文本为准。,low,easy
edu-019,职业教育现场工程师专项培养计划实施要点？,https://www.moe.gov.cn/jyb_sjzl/moe_560/,education,以教育部及省级教育行政部门最新文件、课程标准文本为准。,low,easy
edu-020,1+X证书制度试点中课证融通路径？,https://www.moe.gov.cn/jyb_xwfb/s271/,education,以教育部及省级教育行政部门最新文件、课程标准文本为准。,low,easy
code-001,Python 中浅拷贝与深拷贝的区别是什么？何时应使用 copy.deepcopy？,https://docs.python.org/3/tutorial/,code,以 Python 官方文档对应章节为准；版本差异请标明 Python 3.x。,low,easy
code-002,解释 Python GIL 对多线程 CPU 密集型任务的影响及常见替代方案。,https://docs.python.org/3/library/stdtypes.html,code,以 Python 官方文档对应章节为准；版本差异请标明 Python 3.x。,low,easy
code-003,list.sort() 与 sorted() 的关键差异有哪些？,https://docs.python.org/3/library/functions.html,code,以 Python 官方文档对应章节为准；版本差异请标明 Python 3.x。,low,easy
code-004,生成器表达式与列表推导式在内存与惰性求值上的区别？,https://docs.python.org/3/howto/logging.html,code,以 Python 官方文档对应章节为准；版本差异请标明 Python 3.x。,low,easy
code-005,contextmanager 与 with 语句配合使用的基本模式？,https://docs.python.org/3/library/concurrent.futures.html,code,以 Python 官方文档对应章节为准；版本差异请标明 Python 3.x。,low,easy
code-006,concurrent.futures.ThreadPoolExecutor 与 ProcessPoolExecutor 选型要点？,https://docs.python.org/3/library/json.html,code,以 Python 官方文档对应章节为准；版本差异请标明 Python 3.x。,low,easy
code-007,json.dumps 中 ensure_ascii=False 的使用场景？,https://docs.python.org/3/library/pathlib.html,code,以 Python 官方文档对应章节为准；版本差异请标明 Python 3.x。,low,easy
code-008,pathlib.Path 相对 os.path 的主要优势？,https://docs.python.org/3/library/itertools.html,code,以 Python 官方文档对应章节为准；版本差异请标明 Python 3.x。,low,easy
code-009,itertools.groupby 使用前为何通常需要先排序？,https://docs.python.org/3/library/dataclasses.html,code,以 Python 官方文档对应章节为准；版本差异请标明 Python 3.x。,low,easy
code-010,dataclasses.field(default_factory=list) 解决什么问题？,https://docs.python.org/3/library/typing.html,code,以 Python 官方文档对应章节为准；版本差异请标明 Python 3.x。,low,easy
code-011,typing.Protocol 与 ABC 在结构子类型上的区别？,https://docs.python.org/3/tutorial/,code,以 Python 官方文档对应章节为准；版本差异请标明 Python 3.x。,low,easy
code-012,logging 中 Handler、Formatter、Logger 的职责划分？,https://docs.python.org/3/library/stdtypes.html,code,以 Python 官方文档对应章节为准；版本差异请标明 Python 3.x。,low,easy
code-013,异常链中 raise ... from None 与 raise ... from e 的语义区别？,https://docs.python.org/3/library/functions.html,code,以 Python 官方文档对应章节为准；版本差异请标明 Python 3.x。,low,easy
code-014,functools.lru_cache 适用与不适用的场景？,https://docs.python.org/3/howto/logging.html,code,以 Python 官方文档对应章节为准；版本差异请标明 Python 3.x。,low,easy
code-015,enum.Enum 与 IntEnum 的典型使用差异？,https://docs.python.org/3/library/concurrent.futures.html,code,以 Python 官方文档对应章节为准；版本差异请标明 Python 3.x。,low,easy
code-016,collections.Counter 在频次统计中的常见坑？,https://docs.python.org/3/library/json.html,code,以 Python 官方文档对应章节为准；版本差异请标明 Python 3.x。,low,easy
code-017,zip(strict=True) 在 Python 3.10+ 中的用途？,https://docs.python.org/3/library/pathlib.html,code,以 Python 官方文档对应章节为准；版本差异请标明 Python 3.x。,low,easy
code-018,match-case 结构相比 if-elif 链的可读性优势场景？,https://docs.python.org/3/library/itertools.html,code,以 Python 官方文档对应章节为准；版本差异请标明 Python 3.x。,low,easy
code-019,asyncio.create_task 与直接 await 协对象的区别？,https://docs.python.org/3/library/dataclasses.html,code,以 Python 官方文档对应章节为准；版本差异请标明 Python 3.x。,low,easy
code-020,typing.TypedDict 与 dataclass 在描述字典结构时的取舍？,https://docs.python.org/3/library/typing.html,code,以 Python 官方文档对应章节为准；版本差异请标明 Python 3.x。,low,easy
ceval-001,（C-Eval·computer_network）使用位填充方法，以01111110为位首flag，数据为011011111111111111110010，求问传送时要添加几个0____ 选项：A.1 B.2 C.3 D.4,HuggingFace ceval/ceval-exam config=computer_network split=val row=0,code,官方标准答案选项：C（C-Eval CC BY-NC-SA 4.0；请引用 Huang et al. NeurIPS 2023）,low,medium
ceval-002,（C-Eval·computer_network）在802.3标准中，发送帧之前需要____ 选项：A.等待冲突 B.等待令牌 C.监听介质 D.接受一个帧,HuggingFace ceval/ceval-exam config=computer_network split=val row=1,code,官方标准答案选项：C（C-Eval CC BY-NC-SA 4.0；请引用 Huang et al. NeurIPS 2023）,low,medium
ceval-003,（C-Eval·computer_network）TCP端对端通信作用于____ 选项：A.主机之间 B.网络之间 C.进程之间 D.主机到网络,HuggingFace ceval/ceval-exam config=computer_network split=val row=2,code,官方标准答案选项：C（C-Eval CC BY-NC-SA 4.0；请引用 Huang et al. NeurIPS 2023）,low,medium
ceval-004,（C-Eval·computer_network）对于传输层来说错误的是____ 选项：A.TCP是全双工协议 B.TCP是字节流协议 C.TCP和UDP协议不能使用同一个端口 D.TSAD是IP和端口的组合,HuggingFace ceval/ceval-exam config=computer_network split=val row=3,code,官方标准答案选项：C（C-Eval CC BY-NC-SA 4.0；请引用 Huang et al. NeurIPS 2023）,low,medium
ceval-005,（C-Eval·computer_network）已知当前TCP连接的RTT值为35ms，连续收到3个确认报文段，它们比相应的数据报文段的发送时间滞后了27ms、30ms与21ms。假设α=0.2，则第三个确认报文段到达后新的RTT估计值为____。 选项：A.33.4ms B.32.7ms C.21ms D.30.4ms,HuggingFace ceval/ceval-exam config=computer_network split=val row=4,code,官方标准答案选项：D（C-Eval CC BY-NC-SA 4.0；请引用 Huang et al. NeurIPS 2023）,low,medium
ceval-006,（C-Eval·operating_system）在Unix的两个文件系统之间建立文件或目录的链接命令是____。 选项：A.ln B.ln –s C.ls –n D.ls –i,HuggingFace ceval/ceval-exam config=operating_system split=val row=0,code,官方标准答案选项：B（C-Eval CC BY-NC-SA 4.0；请引用 Huang et al. NeurIPS 2023）,low,medium
ceval-007,（C-Eval·operating_system）下面几条中，____是动态重定位的特点。 选项：A.需要一个复杂的重定位装入程序 B.存储管理算法比较简单 C.不需地址变换硬件机构的支持 D.在执行时将逻辑地址变换成内存地址,HuggingFace ceval/ceval-exam config=operating_system split=val row=1,code,官方标准答案选项：D（C-Eval CC BY-NC-SA 4.0；请引用 Huang et al. NeurIPS 2023）,low,medium
ceval-008,（C-Eval·operating_system）Unix打开文件机构中的进程打开文件表是进程扩充控制块user结构中的____。 选项：A.u_pdir B.u_ofile C.u_dirp D.u_pofile,HuggingFace ceval/ceval-exam config=operating_system split=val row=2,code,官方标准答案选项：B（C-Eval CC BY-NC-SA 4.0；请引用 Huang et al. NeurIPS 2023）,low,medium
ceval-009,（C-Eval·operating_system）在虚拟页式存储管理方案中，____完成将页面调入内存的工作。 选项：A.文件读写 B.页面淘汰过程 C.页面工作集处理 D.缺页中断处理,HuggingFace ceval/ceval-exam config=operating_system split=val row=3,code,官方标准答案选项：D（C-Eval CC BY-NC-SA 4.0；请引用 Huang et al. NeurIPS 2023）,low,medium
ceval-010,（C-Eval·operating_system）早期采用交换技术的目的是____。 选项：A.能运行更多的程序 B.能运行更大的程序 C.实现分时系统 D.实现虚拟存储技术,HuggingFace ceval/ceval-exam config=operating_system split=val row=4,code,官方标准答案选项：A（C-Eval CC BY-NC-SA 4.0；请引用 Huang et al. NeurIPS 2023）,low,medium
ceval-011,（C-Eval·college_programming）当采用分块查找时，数据的组织方式为____ 选项：A.数据分成若干块，每块内数据有序 B.数据分成若干块，每块内数据不必有序，但块间必须有序，每块内最大（或最小）的数据组成索引块 C.数据分成若干块，每块内数据有序，但块间必须有序，每块内最大（或最小）的数据组成索引块 D.数据分成若干块，每块（除最后一块外）中数据个数需相同,HuggingFace ceval/ceval-exam config=college_programming split=val row=0,code,官方标准答案选项：B（C-Eval CC BY-NC-SA 4.0；请引用 Huang et al. NeurIPS 2023）,low,hard
ceval-012,（C-Eval·college_programming）实现一个银行系统，包括存钱、取钱、转账等多项业务，最恰当的资源组合方式是____ 选项：A.继承 B.重载 C.组合 D.实例化,HuggingFace ceval/ceval-exam config=college_programming split=val row=1,code,官方标准答案选项：C（C-Eval CC BY-NC-SA 4.0；请引用 Huang et al. NeurIPS 2023）,low,hard
ceval-013,（C-Eval·college_programming）线性表若采用链式存储结构时，要求内存中可用存储单元的地址____。 选项：A.必须是连续的 B.部分地址必须是连续的 C.一定是不连续的 D.连续不连续都可以,HuggingFace ceval/ceval-exam config=college_programming split=val row=10,code,官方标准答案选项：D（C-Eval CC BY-NC-SA 4.0；请引用 Huang et al. NeurIPS 2023）,low,hard
ceval-014,（C-Eval·college_programming）在类中说明的友元函数时____ 选项：A.必须声明在私有成员部分 B.必须声明在共有成员部分 C.必须声明在类开始处 D.可以声明在类中任何地方,HuggingFace ceval/ceval-exam config=college_programming split=val row=11,code,官方标准答案选项：D（C-Eval CC BY-NC-SA 4.0；请引用 Huang et al. NeurIPS 2023）,low,hard
ceval-015,"（C-Eval·college_programming）对有14个元素的有序表A[1..14]作二分查找，查找元素A[6]时的被比较元素依次为____ 选项：A.A[l], A[2], A[3], A[4] B.A[l], A[14], A[7], A[4] C.A[7], A[5], A[3], A[6] D.A[7], A[3], A[5], A[6]",HuggingFace ceval/ceval-exam config=college_programming split=val row=12,code,官方标准答案选项：D（C-Eval CC BY-NC-SA 4.0；请引用 Huang et al. NeurIPS 2023）,low,hard
ceval-016,（C-Eval·tax_accountant）进行税务咨询服务的核心是____。 选项：A.弄清咨询问题所涉及的税种 B.收集咨询问题相关的税收政策文件 C.分析税收政策适用条款 D.根据需要作必要的沟通说明,HuggingFace ceval/ceval-exam config=tax_accountant split=val row=0,education,官方标准答案选项：C（C-Eval CC BY-NC-SA 4.0；请引用 Huang et al. NeurIPS 2023）,low,medium
ceval-017,（C-Eval·tax_accountant）FY公司与FC机械厂均为国有企业，合资设立A有限责任公司(以下简称“A公司”)，出资比例为30%与70%。下列有关A公司董事会组成的说法中，不符合规定的是____。 选项：A.董事会成员中应当有公司职工代表 B.董事张某任期内辞职，在新选出董事就任前，张某仍应履行董事职责 C.A公司董事长可由公司章程规定由小股东FY公司派人担任 D.FY公司和FC机械厂可通过公司章程约定不按出资比例分红,HuggingFace ceval/ceval-exam config=tax_accountant split=val row=1,education,官方标准答案选项：B（C-Eval CC BY-NC-SA 4.0；请引用 Huang et al. NeurIPS 2023）,low,medium
ceval-018,（C-Eval·tax_accountant）下列关于预约定价安排管理的表述中，正确的是____。 选项：A.预约定价安排执行期满后自动失效，企业申请续签的，应当在预约定价安排执行期满之日前30日内向税务机关提出续签申请 B.企业申请双边预约定价安排的，应及时向省级税务机关提出谈签意向 C.预约定价安排适用于自企业提交正式书面申请年度当年起10个连续年度的关联交易 D.在预约定价安排执行期内，税务机关应当每年监控企业执行预约定价安排的情况,HuggingFace ceval/ceval-exam config=tax_accountant split=val row=2,education,官方标准答案选项：D（C-Eval CC BY-NC-SA 4.0；请引用 Huang et al. NeurIPS 2023）,low,medium
ceval-019,（C-Eval·tax_accountant）下列各项行为中，应征收个人所得税的是____。 选项：A.离婚析产分割房屋产权 B.军人的转业费、复员费、退役金 C.按照国家统一规定发放的退休费、离休费 D.个人购买福利彩票，一次中奖收入12000元,HuggingFace ceval/ceval-exam config=tax_accountant split=val row=3,education,官方标准答案选项：D（C-Eval CC BY-NC-SA 4.0；请引用 Huang et al. NeurIPS 2023）,low,medium
ceval-020,（C-Eval·tax_accountant）某酒厂为增值税一般纳税人，2020年10月发放1吨自制白酒作为职工福利，同类白酒不含税售价50000元/吨，成本价35000元/吨。该酒厂上述业务当月应纳消费税____元。 选项：A.7700 B.8700 C.10000 D.11000,HuggingFace ceval/ceval-exam config=tax_accountant split=val row=4,education,官方标准答案选项：D（C-Eval CC BY-NC-SA 4.0；请引用 Huang et al. NeurIPS 2023）,low,medium
ceval-021,（C-Eval·law）下列关于法律推理的表述，能够成立的是____。 选项：A.演绎推理是一种或然性推理 B.归纳推理是从一般知识推出个别知识的推理 C.类比推理是判例法国家运用的一种基本的法律推理方法 D.辩证推理实际上是一种立法活动,HuggingFace ceval/ceval-exam config=law split=val row=0,education,官方标准答案选项：C（C-Eval CC BY-NC-SA 4.0；请引用 Huang et al. NeurIPS 2023）,low,hard
ceval-022,（C-Eval·law）某住宅小区业主从事的下列行为中，不必将相关情况告知物业服务人的情形是____。 选项：A.业主甲将其房屋出租给赵某 B.业主乙在其住宅上设立居住权供其弟居住 C.业主丙依法将建筑区划内的绿地改造成花园 D.业主丁在其住宅上设立地役权,HuggingFace ceval/ceval-exam config=law split=val row=1,education,官方标准答案选项：D（C-Eval CC BY-NC-SA 4.0；请引用 Huang et al. NeurIPS 2023）,low,hard
ceval-023,（C-Eval·law）张某在甲期刊社发表了一篇颇具价值的学术论文，但未作版权说明。乙期刊社将该学术论文作为资料刊登。则乙期刊社的行为____。 选项：A.属于合理使用，不必向著作权人支付报酬 B.属于侵犯著作权的行为 C.不必经甲期刊社同意，但应向其支付报酬 D.不必经张某同意，但应向其支付报酬,HuggingFace ceval/ceval-exam config=law split=val row=2,education,官方标准答案选项：D（C-Eval CC BY-NC-SA 4.0；请引用 Huang et al. NeurIPS 2023）,low,hard
ceval-024,（C-Eval·law）关于我国宪法修改，下列哪一选项是正确的____。 选项：A.我国修宪实践中既有对宪法的部分修改，也有对宪法的全面修改 B.经1/10以上的全国人大代表提议，可以启动宪法修改程序 C.全国人大常委会是法定的修宪主体 D.宪法修正案是我国宪法规定的宪法修改方式,HuggingFace ceval/ceval-exam config=law split=val row=3,education,官方标准答案选项：A（C-Eval CC BY-NC-SA 4.0；请引用 Huang et al. NeurIPS 2023）,low,hard
ceval-025,（C-Eval·law）下列选项中，可以适用不当得利主张请求权的情形是____。 选项：A.甲为自己正在读大学的弟弟乙支付学费，后甲要求乙返还 B.丙明知不欠丁的钱而执意向丁还钱，后丙要求丁返还该金钱 C.张某偿还了欠李某的赌债，后张某要求李某返还赌资 D.陈某和吴某同在河边放牛，后陈某的一头牛走入吴某的牛群中，而吴某对此并不知情,HuggingFace ceval/ceval-exam config=law split=val row=4,education,官方标准答案选项：D（C-Eval CC BY-NC-SA 4.0；请引用 Huang et al. NeurIPS 2023）,low,hard
ceval-026,（C-Eval·civil_servant）甲与乙准备进行一个游戏：向空中扔三枚硬币，如果它们落地后全是正面向上或全是反面向上，乙就给甲钱；但若出现两正面一反面或两反面一正面的情况，则由甲给乙钱。乙要求甲每次给10元，那么，从长远来看，甲应该要求乙每次至少给____元才可考虑参加这个游戏。 选项：A.10 B.15 C.20 D.30,HuggingFace ceval/ceval-exam config=civil_servant split=val row=0,education,官方标准答案选项：D（C-Eval CC BY-NC-SA 4.0；请引用 Huang et al. NeurIPS 2023）,low,medium
ceval-027,（C-Eval·civil_servant）下列著名诗人与其代表作对应有误的是____。 选项：A.李白——《将进酒》 B.白居易——《琵琶行》 C.王之焕——《登鹳雀楼》 D.杜甫——《长恨歌》,HuggingFace ceval/ceval-exam config=civil_servant split=val row=1,education,官方标准答案选项：D（C-Eval CC BY-NC-SA 4.0；请引用 Huang et al. NeurIPS 2023）,low,medium
ceval-028,（C-Eval·civil_servant）经济学上所推崇的“橄榄型”收入分配结构，是指低收入和高收入相对较少、中等收入占绝大多数的分配结构。我国正在采取措施，实施“提低、扩中、调高、打非、保困”的方针，使收入分配朝着“橄榄型”方向发展。这主要是为了促进____。 选项：A.生产的发展 B.效率的提高 C.社会的公平 D.内需的扩大,HuggingFace ceval/ceval-exam config=civil_servant split=val row=2,education,官方标准答案选项：C（C-Eval CC BY-NC-SA 4.0；请引用 Huang et al. NeurIPS 2023）,low,medium
ceval-029,（C-Eval·civil_servant）-81，-36，-9，0，9，36，____ 选项：A.49 B.64 C.81 D.100,HuggingFace ceval/ceval-exam config=civil_servant split=val row=3,education,官方标准答案选项：C（C-Eval CC BY-NC-SA 4.0；请引用 Huang et al. NeurIPS 2023）,low,medium
ceval-030,（C-Eval·civil_servant）VIP服务本来是个好东西，大企业作为市场竞争的主体，实行差别化服务，无可厚非。但近年来，一些企业纷纷进军医院、机场、车站等公共场所，掏些赞助费，设立所谓“贵宾厅”，霸占公共资源，不仅带来浪费，更造成公共资源分配的不公。这段文字主要强调的是____。 选项：A.公共资源不该过度VIP B.VIP服务导致了公共资源的不公平分配 C.一些企业搬进医院、机场、车站办公 D.实行差别化服务是VIP服务的优势所在,HuggingFace ceval/ceval-exam config=civil_servant split=val row=4,education,官方标准答案选项：A（C-Eval CC BY-NC-SA 4.0；请引用 Huang et al. NeurIPS 2023）,low,medium
ceval-031,（C-Eval·college_economics）在完全竞争厂商的短期均衡产量上，AR小于SAC但大于AVC，则厂商____ 选项：A.亏损，立即停产 B.亏损，但应继续生产 C.亏损，生产或不生产都可以 D.获得正常利润，继续生产,HuggingFace ceval/ceval-exam config=college_economics split=val row=0,education,官方标准答案选项：B（C-Eval CC BY-NC-SA 4.0；请引用 Huang et al. NeurIPS 2023）,low,medium
ceval-032,（C-Eval·college_economics）在一般情况下，供给曲线____ 选项：A.向右上方倾斜 B.向右下方倾斜 C.斜率为正 D.斜率为负,HuggingFace ceval/ceval-exam config=college_economics split=val row=1,education,官方标准答案选项：C（C-Eval CC BY-NC-SA 4.0；请引用 Huang et al. NeurIPS 2023）,low,medium
ceval-033,（C-Eval·college_economics）无差异曲线上任一点斜率的绝对值代表了____ 选项：A.消费者为了提高效用而获得另一些商品时愿意放弃的某一种商品的数量 B.消费者花在各种商品上的货币总值 C.两种商品的价格的价格比率 D.在确保消费者效用不变的情况下，一种商品和另一种商品的交换比率,HuggingFace ceval/ceval-exam config=college_economics split=val row=2,education,官方标准答案选项：D（C-Eval CC BY-NC-SA 4.0；请引用 Huang et al. NeurIPS 2023）,low,medium
ceval-034,（C-Eval·college_economics）若供给曲线上每一点的点弹性都等于1，则供给曲线只能是一条____ 选项：A.过原点的45线 B.过原点的直线 C.平行于横轴的直线 D.垂直于横轴的直线,HuggingFace ceval/ceval-exam config=college_economics split=val row=3,education,官方标准答案选项：B（C-Eval CC BY-NC-SA 4.0；请引用 Huang et al. NeurIPS 2023）,low,medium
ceval-035,（C-Eval·college_economics）技术进步一般会导致____ 选项：A.供给曲线右移 B.供给量沿着供给曲线减少 C.一个人增加他所消费的所有商品的数量 D.供给量沿着供给曲线增加,HuggingFace ceval/ceval-exam config=college_economics split=val row=4,education,官方标准答案选项：A（C-Eval CC BY-NC-SA 4.0；请引用 Huang et al. NeurIPS 2023）,low,medium
ceval-036,（C-Eval·basic_medicine）不属于第二信使的物质是____ 选项：A.cAMP B.cGMP C.$IP_3$ D.胰岛素,HuggingFace ceval/ceval-exam config=basic_medicine split=val row=0,education,官方标准答案选项：D（C-Eval CC BY-NC-SA 4.0；请引用 Huang et al. NeurIPS 2023）,low,medium
ceval-037,（C-Eval·basic_medicine）脱羧酶的辅酶____ 选项：A.生物素 B.叶酸 C.磷酸吡哆醛 D.硫胺素,HuggingFace ceval/ceval-exam config=basic_medicine split=val row=1,education,官方标准答案选项：C（C-Eval CC BY-NC-SA 4.0；请引用 Huang et al. NeurIPS 2023）,low,medium
ceval-038,（C-Eval·basic_medicine）关于湿性坏疽的描述，不正确的是____ 选项：A.合并腐败菌感染 B.具有恶臭味 C.常有全身中毒症状 D.坏死组织与健康组织之间界限清楚,HuggingFace ceval/ceval-exam config=basic_medicine split=val row=2,education,官方标准答案选项：D（C-Eval CC BY-NC-SA 4.0；请引用 Huang et al. NeurIPS 2023）,low,medium
ceval-039,（C-Eval·basic_medicine）肺梗死形成的先决条件是____ 选项：A.组织疏松 B.严重淤血 C.蛋白含量高 D.侧支循环不充分,HuggingFace ceval/ceval-exam config=basic_medicine split=val row=3,education,官方标准答案选项：B（C-Eval CC BY-NC-SA 4.0；请引用 Huang et al. NeurIPS 2023）,low,medium
ceval-040,（C-Eval·basic_medicine）关于维生素缺乏症的叙述，不正确的是____ 选项：A.维生素A缺乏——夜盲症 B.维生素D缺乏——软骨病 C.维生素$B_1$ 缺乏——脚气病 D.维生素$B_6$缺乏——口角炎,HuggingFace ceval/ceval-exam config=basic_medicine split=val row=4,education,官方标准答案选项：D（C-Eval CC BY-NC-SA 4.0；请引用 Huang et al. NeurIPS 2023）,low,medium
ceval-041,（C-Eval·education_science）____是高等学校的中心工作，是实现一定的教育目的和人才培养目标的基本途径。 选项：A.管理 B.教学 C.课程 D.科研,HuggingFace ceval/ceval-exam config=education_science split=val row=0,education,官方标准答案选项：B（C-Eval CC BY-NC-SA 4.0；请引用 Huang et al. NeurIPS 2023）,low,medium
ceval-042,（C-Eval·education_science）依活动过程的特点，可以将动机分为____。 选项：A.交往动机和威信动机 B.社会动机和局部动机 C.外部动机和内部动机 D.近景动机和远景动机,HuggingFace ceval/ceval-exam config=education_science split=val row=1,education,官方标准答案选项：A（C-Eval CC BY-NC-SA 4.0；请引用 Huang et al. NeurIPS 2023）,low,medium
ceval-043,（C-Eval·education_science）把多种学科的相关内容融合在一起，构成新的课程，这是____ 选项：A.活动课程 B.综合课程 C.学科课程 D.必修课程,HuggingFace ceval/ceval-exam config=education_science split=val row=2,education,官方标准答案选项：B（C-Eval CC BY-NC-SA 4.0；请引用 Huang et al. NeurIPS 2023）,low,medium
ceval-044,（C-Eval·education_science）根据学习动机的社会意义，可以把学习动机分为____。 选项：A.社会动机与个人动机 B.工作动机与提高动机 C.高尚动机与低级动机 D.交往动机与荣誉动机,HuggingFace ceval/ceval-exam config=education_science split=val row=3,education,官方标准答案选项：C（C-Eval CC BY-NC-SA 4.0；请引用 Huang et al. NeurIPS 2023）,low,medium
ceval-045,（C-Eval·education_science）现代学位制度确立的标志是德国柏林大学创设的____。 选项：A.文学博士学位 B.医学博士学位 C.理学博士学位 D.哲学博士学位,HuggingFace ceval/ceval-exam config=education_science split=val row=4,education,官方标准答案选项：D（C-Eval CC BY-NC-SA 4.0；请引用 Huang et al. NeurIPS 2023）,low,medium
cmmlu-001,（CMMLU·agronomy）肉牛屠宰后，胴体的哪个部位肉质较好 选项：A.胸 B.腹 C.大腿 D.小腿,GitHub haonan-li/CMMLU data/dev/agronomy.csv (CC BY-NC-SA 4.0),education,标准答案：C,low,medium
cmmlu-002,（CMMLU·agronomy）下列鸭品种中，产蛋量最高的品种是 选项：A.高邮鸭 B.北京鸭 C.樱桃谷鸭 D.绍鸭,GitHub haonan-li/CMMLU data/dev/agronomy.csv (CC BY-NC-SA 4.0),education,标准答案：D,low,medium
cmmlu-003,（CMMLU·agronomy）常见家畜中输精管不形成输精管壶腹的是 选项：A.马 B.猪 C.牛 D.羊,GitHub haonan-li/CMMLU data/dev/agronomy.csv (CC BY-NC-SA 4.0),education,标准答案：B,low,medium
cmmlu-004,（CMMLU·agronomy）牛的发情周期平均为 选项：A.16～17天 B.21天 C.28天 D.19～20天,GitHub haonan-li/CMMLU data/dev/agronomy.csv (CC BY-NC-SA 4.0),education,标准答案：B,low,medium
cmmlu-005,（CMMLU·agronomy）羊胴体中，肉质较好的部位是 选项：A.胸下肉 B.肩胛肉 C.后腿肉 D.小腿肉,GitHub haonan-li/CMMLU data/dev/agronomy.csv (CC BY-NC-SA 4.0),education,标准答案：C,low,medium
cmmlu-006,（CMMLU·anatomy）壁胸膜的分部不包括 选项：A.肋胸膜 B.肺胸膜 C.膈胸膜 D.胸膜顶,GitHub haonan-li/CMMLU data/dev/anatomy.csv (CC BY-NC-SA 4.0),education,标准答案：B,low,medium
cmmlu-007,（CMMLU·anatomy）属于蝶骨上的结构为 选项：A.垂体窝 B.棘孔 C.破裂孔 D.视神经管,GitHub haonan-li/CMMLU data/dev/anatomy.csv (CC BY-NC-SA 4.0),education,标准答案：B,low,medium
cmmlu-008,（CMMLU·anatomy）属于右心房的结构是 选项：A.肉柱 B.室上嵴 C.乳头肌 D.梳状肌,GitHub haonan-li/CMMLU data/dev/anatomy.csv (CC BY-NC-SA 4.0),education,标准答案：D,low,medium
cmmlu-009,（CMMLU·anatomy）咽的分部 选项：A.咽隐窝 B.口咽部 C.鼻咽部 D.喉咽部,GitHub haonan-li/CMMLU data/dev/anatomy.csv (CC BY-NC-SA 4.0),education,标准答案：C,low,medium
cmmlu-010,（CMMLU·anatomy）舌下神经核位于 选项：A.间脑 B.延髓 C.中脑 D.脑挢,GitHub haonan-li/CMMLU data/dev/anatomy.csv (CC BY-NC-SA 4.0),education,标准答案：B,low,medium
cmmlu-011,（CMMLU·arts）著名民乐作品《十面埋伏》属于 选项：A.管乐 B.打击乐 C.弹拨乐 D.弦乐,GitHub haonan-li/CMMLU data/dev/arts.csv (CC BY-NC-SA 4.0),education,标准答案：C,low,medium
cmmlu-012,（CMMLU·arts）审美的客体是 选项：A.艺术受众 B.艺术作品 C.鉴赏者 D.艺术家,GitHub haonan-li/CMMLU data/dev/arts.csv (CC BY-NC-SA 4.0),education,标准答案：B,low,medium
cmmlu-013,（CMMLU·arts）吴带当风是指谁的绘画风格 选项：A.曹不兴 B.苏轼 C.吴镇 D.吴道子,GitHub haonan-li/CMMLU data/dev/arts.csv (CC BY-NC-SA 4.0),education,标准答案：D,low,medium
cmmlu-014,（CMMLU·arts）话剧《龙须沟》的作者是 选项：A.老舍 B.曹禺 C.夏衍 D.洪深,GitHub haonan-li/CMMLU data/dev/arts.csv (CC BY-NC-SA 4.0),education,标准答案：A,low,medium
cmmlu-015,（CMMLU·arts）《霓裳羽衣舞》是哪一时期宫廷乐舞。 选项：A.汉 B.宋 C.元 D.唐,GitHub haonan-li/CMMLU data/dev/arts.csv (CC BY-NC-SA 4.0),education,标准答案：D,low,medium
cmmlu-016,（CMMLU·astronomy）以下星座天区内梅西叶天体最多的是 选项：A.武仙座 B.猎户座 C.船尾座 D.蛇夫座,GitHub haonan-li/CMMLU data/dev/astronomy.csv (CC BY-NC-SA 4.0),education,标准答案：D,low,medium
cmmlu-017,（CMMLU·astronomy）以下哪个国家在本年度没有发射月球探测器的计划 选项：A.印度 B.日本 C.俄罗斯 D.以色列,GitHub haonan-li/CMMLU data/dev/astronomy.csv (CC BY-NC-SA 4.0),education,标准答案：D,low,medium
cmmlu-018,（CMMLU·astronomy）梅西叶天体M44位于（）的天区内 选项：A.巨蟹座 B.大犬座 C.金牛座 D.猎户座,GitHub haonan-li/CMMLU data/dev/astronomy.csv (CC BY-NC-SA 4.0),education,标准答案：A,low,medium
cmmlu-019,（CMMLU·astronomy）在金星西大距时，在金星上看到的地球处于 选项：A.留 B.上合 C.方照 D.冲,GitHub haonan-li/CMMLU data/dev/astronomy.csv (CC BY-NC-SA 4.0),education,标准答案：C,low,medium
cmmlu-020,（CMMLU·astronomy）太阳的光谱型是 选项：A.O型 B.A型 C.K型 D.G型,GitHub haonan-li/CMMLU data/dev/astronomy.csv (CC BY-NC-SA 4.0),education,标准答案：D,low,medium
cmmlu-021,（CMMLU·business_ethics）商业伦理学最早出现在 选项：A.英国 B.法国 C.美国 D.意大利,GitHub haonan-li/CMMLU data/dev/business_ethics.csv (CC BY-NC-SA 4.0),education,标准答案：C,low,medium
cmmlu-022,（CMMLU·business_ethics）伦理学的核心是 选项：A.宗教伦理学 B.描述伦理学 C.元伦理学 D.规范伦理学,GitHub haonan-li/CMMLU data/dev/business_ethics.csv (CC BY-NC-SA 4.0),education,标准答案：D,low,medium
cmmlu-023,（CMMLU·business_ethics）下列不属于人的基本权利的时 选项：A.人格平等 B.独立 C.生命 D.自由,GitHub haonan-li/CMMLU data/dev/business_ethics.csv (CC BY-NC-SA 4.0),education,标准答案：B,low,medium
cmmlu-024,（CMMLU·business_ethics）关税的课税客体是 选项：A.进出境的货物 B.消费者 C.海关 D.进出口商,GitHub haonan-li/CMMLU data/dev/business_ethics.csv (CC BY-NC-SA 4.0),education,标准答案：A,low,medium
cmmlu-025,（CMMLU·business_ethics）区域经济从本质上讲是 选项：A.商品经济 B.一体化经济 C.信用经济 D.市场经济,GitHub haonan-li/CMMLU data/dev/business_ethics.csv (CC BY-NC-SA 4.0),education,标准答案：D,low,medium
cmmlu-026,（CMMLU·chinese_civil_service_exam）假设“如果张楠和林枫不是志愿者，那么杨梅是志愿者”是前提，“林枫是志愿者”为结论。若要以上结论成立，需要补充的前提是 选项：A.杨梅和张楠都是志愿者 B.杨梅不是志愿者 C.张楠是志愿者 D.杨梅和张楠都不是志愿者,GitHub haonan-li/CMMLU data/dev/chinese_civil_service_exam.csv (CC BY-NC-SA 4.0),education,标准答案：D,low,medium
cmmlu-027,（CMMLU·chinese_civil_service_exam）对侵害英雄烈士的姓名、肖像、名誉、荣誉的行为，有权向人民法院提起诉讼的主体是：a英雄烈士近亲属；b检察机关；c当地人民政府；d负责英雄烈士保护工作的部门 选项：A.bd B.ac C.ab D.ad,GitHub haonan-li/CMMLU data/dev/chinese_civil_service_exam.csv (CC BY-NC-SA 4.0),education,标准答案：C,low,medium
cmmlu-028,（CMMLU·chinese_civil_service_exam）下列说法错误的是 选项：A.苏武牧羊的地点在今天的贝加尔湖一带 B.东汉使者班超同时也是《汉书》的作者 C.西汉张骞与唐代鉴真出行的方向不同 D.成语“南橘北枳”是与晏婴出使楚国有关,GitHub haonan-li/CMMLU data/dev/chinese_civil_service_exam.csv (CC BY-NC-SA 4.0),education,标准答案：B,low,medium
cmmlu-029,（CMMLU·chinese_civil_service_exam）日常生活中经常可以依据动物的某些行为预判天气，下列对应正确的是 选项：A.蜻蜓低飞——雨天 B.蚂蚁垒窝——晴天 C.麻省囤食——雨天 D.龟背冒汗——晴天,GitHub haonan-li/CMMLU data/dev/chinese_civil_service_exam.csv (CC BY-NC-SA 4.0),education,标准答案：A,low,medium
cmmlu-030,（CMMLU·chinese_civil_service_exam）设计：修建：高楼 选项：A.热爱：学习：书本 B.痛恨：打击：仇敌 C.勘探：开采：石油 D.体检：判断：病人,GitHub haonan-li/CMMLU data/dev/chinese_civil_service_exam.csv (CC BY-NC-SA 4.0),education,标准答案：C,low,medium
cmmlu-031,（CMMLU·chinese_driving_rule）夜间机动车通过照明条件良好的路段时，要怎样使用灯光 选项：A.危险报警闪光灯 B.近光灯 C.远光灯 D.前后雾灯,GitHub haonan-li/CMMLU data/dev/chinese_driving_rule.csv (CC BY-NC-SA 4.0),education,标准答案：B,low,medium
cmmlu-032,（CMMLU·chinese_driving_rule）车辆临时靠边停车后准备起步时，应先怎样做 选项：A.鸣喇叭 B.加油起步 C.提高发动机转速 D.观察周围交通情况,GitHub haonan-li/CMMLU data/dev/chinese_driving_rule.csv (CC BY-NC-SA 4.0),education,标准答案：D,low,medium
cmmlu-033,（CMMLU·chinese_driving_rule）安全头枕在发生追尾事故时，能有效保护驾驶人的什么部位 选项：A.腰部 B.颈部 C.头部 D.胸部,GitHub haonan-li/CMMLU data/dev/chinese_driving_rule.csv (CC BY-NC-SA 4.0),education,标准答案：B,low,medium
cmmlu-034,（CMMLU·chinese_driving_rule）准驾车型为小型汽车的，可以驾驶下列哪种车辆 选项：A.低速载货汽车 B.轮式自行机械 C.三轮摩托车 D.中型客车,GitHub haonan-li/CMMLU data/dev/chinese_driving_rule.csv (CC BY-NC-SA 4.0),education,标准答案：A,low,medium
cmmlu-035,（CMMLU·chinese_driving_rule）安全气囊是一种什么装置 选项：A.防抱死制动系统 B.电子制动力分配系统 C.辅助驾乘人员保护系统 D.驾驶人头颈保护系统,GitHub haonan-li/CMMLU data/dev/chinese_driving_rule.csv (CC BY-NC-SA 4.0),education,标准答案：C,low,medium
cmmlu-036,（CMMLU·chinese_food_culture）孔府菜的代表名菜有 选项：A.诗礼银杏 B.扒大乌参 C.黄焖鱼翅 D.清汤燕窝,GitHub haonan-li/CMMLU data/dev/chinese_food_culture.csv (CC BY-NC-SA 4.0),education,标准答案：A,low,medium
cmmlu-037,（CMMLU·chinese_food_culture）下列不属于淮扬菜的是 选项：A.三套鸭 B.叫花鸡 C.虾仁锅巴 D.炸蛎黄,GitHub haonan-li/CMMLU data/dev/chinese_food_culture.csv (CC BY-NC-SA 4.0),education,标准答案：D,low,medium
cmmlu-038,（CMMLU·chinese_food_culture）称奶食为“白食”，肉食为“红食”的是 选项：A.壮族 B.傣族 C.回族 D.蒙古族,GitHub haonan-li/CMMLU data/dev/chinese_food_culture.csv (CC BY-NC-SA 4.0),education,标准答案：D,low,medium
cmmlu-039,（CMMLU·chinese_food_culture）“割不正不食”观念的提出者是 选项：A.墨子 B.孔子 C.孟子 D.老子,GitHub haonan-li/CMMLU data/dev/chinese_food_culture.csv (CC BY-NC-SA 4.0),education,标准答案：B,low,medium
cmmlu-040,（CMMLU·chinese_food_culture）我国南方地区流行吃青团的节日是 选项：A.中秋节 B.春节 C.腊八节 D.清明节,GitHub haonan-li/CMMLU data/dev/chinese_food_culture.csv (CC BY-NC-SA 4.0),education,标准答案：D,low,medium
cmmlu-041,（CMMLU·chinese_foreign_policy）20世纪70年代以来，中国积极融入世界，下列事件发生的先后顺序是：a恢复联合国的合法席位；b尼克松访华；c乒乓外交；d中美建交；e中日签署外交关系的联合声明 选项：A.cabed B.acbde C.abcde D.cbade,GitHub haonan-li/CMMLU data/dev/chinese_foreign_policy.csv (CC BY-NC-SA 4.0),education,标准答案：A,low,medium
cmmlu-042,（CMMLU·chinese_foreign_policy）亚非会议能取得成功的根本原因是 选项：A.它没有殖民主义国家参加 B.中国提出“求同存异”方针的推动 C.亚非各国有团结反帝反殖的共同愿望 D.亚非各国间不存在矛盾和分歧,GitHub haonan-li/CMMLU data/dev/chinese_foreign_policy.csv (CC BY-NC-SA 4.0),education,标准答案：C,low,medium
cmmlu-043,（CMMLU·chinese_foreign_policy）以下哪个是是国家关系发展的必然结果和客观趋势? 选项：A.单边主义 B.强权政治 C.霸权主义 D.世界格局多极化,GitHub haonan-li/CMMLU data/dev/chinese_foreign_policy.csv (CC BY-NC-SA 4.0),education,标准答案：D,low,medium
cmmlu-044,（CMMLU·chinese_foreign_policy）我国新时期的外交方针与政策有：a不结盟政策；b与周边国家建立友好关系；c一边倒与一大片；d对外开放 选项：A.cd B.abc C.abd D.ac,GitHub haonan-li/CMMLU data/dev/chinese_foreign_policy.csv (CC BY-NC-SA 4.0),education,标准答案：C,low,medium
cmmlu-045,（CMMLU·chinese_foreign_policy）1948年底到1949年初，中共中央确定了一个重要的外交方针，将承认问题由新政权的单向“被承认”变成与外国政府之间的双向相互承认。毛泽东把这一外交方针概括为 选项：A.“打扫干净屋子再请客” B.“一边倒” C.“求同存异” D.“另起炉灶”,GitHub haonan-li/CMMLU data/dev/chinese_foreign_policy.csv (CC BY-NC-SA 4.0),education,标准答案：D,low,medium
